"id";"area";"country";"year";"month";"day";"depth";"x";"y";"duration";"swept";"category";"n";"kg"
"18ALB2013_PEC716_13";18;"ALB";2013;7;16;87.5;19.2534166666667;41.3146666666667;0.5;0.0508374;"ADV";5;0.04
"18ALB2013_PEC716_4";18;"ALB";2013;7;16;79;19.2685833333333;41.565;0.5;0.0457683;"ADV";3;0.1
"18ALB2013_PEC716_6";18;"ALB";2013;7;16;93;19.26825;41.4006666666667;0.5;0.0508374;"ADV";3;0.06
"18ALB2013_PEC716_8";18;"ALB";2013;7;16;58;19.3521666666667;41.1815833333333;0.5;0.048129;"ADV";0;0
"18ALB2013_PEC717_1";18;"ALB";2013;7;17;28.5;19.3959166666667;41.5575833333333;0.5;0.0435624;"ADV";1;0.04
"18ALB2013_PEC717_14";18;"ALB";2013;7;17;113.5;19.1041666666667;41.4048333333333;0.5;0.0514647;"ADV";3;0.12
"18ALB2013_PEC717_166";18;"ALB";2013;7;17;113.5;18.9695833333333;41.31125;0.5;0.0504063;"ADV";2;0.06
"18ALB2013_PEC717_168";18;"ALB";2013;7;17;396.5;18.7561666666667;41.4485;1;0.11112;"ADV";3;0.15
"18ALB2013_PEC717_26";18;"ALB";2013;7;17;295.5;18.8649166666667;41.0894166666667;1;0.10964;"ADV";1;0.3
"18ALB2013_PEC718_165";18;"ALB";2013;7;18;125.5;18.9438333333333;41.1048333333333;0.5;0.0514458;"ADV";0;0
"18ALB2013_PEC718_167";18;"ALB";2013;7;18;341;18.8814166666667;40.8878333333333;1;0.10484;"ADV";5;0.12
"18ALB2013_PEC718_170";18;"ALB";2013;7;18;617;18.7429166666667;41.06575;1;0.0970619;"ADV";6;1.4
"18ALB2013_PEC718_32";18;"ALB";2013;7;18;580;18.78;40.9619166666667;1;0.0992486;"ADV";1;0.01
"18ALB2013_PEC718_33";18;"ALB";2013;7;18;555.5;18.838;40.87275;1;0.1025385;"ADV";3;0.25
"18ALB2013_PEC718_38";18;"ALB";2013;7;18;585.5;18.918;40.7665833333333;1;0.1014353;"ADV";3;0.03
"18ALB2013_PEC719_169";18;"ALB";2013;7;19;517.5;19.0814166666667;40.4594166666667;1;0.106183;"ADV";0;0
"18ALB2013_PEC719_22";18;"ALB";2013;7;19;168;19.1514166666667;40.6173333333333;0.5;0.0525042;"ADV";2;0.15
"18ALB2013_PEC719_23";18;"ALB";2013;7;19;172.5;19.20425;40.4781666666667;0.5;0.0525042;"ADV";1;0.02
"18ALB2013_PEC719_27";18;"ALB";2013;7;19;331;18.995;40.7343333333333;1;0.10594;"ADV";0;0
"18ALB2013_PEC719_31";18;"ALB";2013;7;19;305.5;19.1385833333333;40.4600833333333;1;0.10558;"ADV";0;0
"18ALB2013_PEC719_39";18;"ALB";2013;7;19;587.5;18.9994166666667;40.6531666666667;1;0.1007064;"ADV";2;0.05
"18ALB2013_PEC720_10";18;"ALB";2013;7;20;91;19.199;40.9105833333333;0.5;0.050508;"ADV";2;0.07
"18ALB2013_PEC720_16";18;"ALB";2013;7;20;102.5;19.1623333333333;40.8555833333333;0.5;0.0525042;"ADV";2;0.21
"18ALB2013_PEC720_163";18;"ALB";2013;7;20;68.5;19.2449166666667;40.71375;0.5;0.0508374;"ADV";1;0.05
"18ALB2013_PEC720_17";18;"ALB";2013;7;20;111;19.1566666666667;40.715;0.5;0.0525042;"ADV";0;0
"18ALB2013_PEC720_2";18;"ALB";2013;7;20;14;19.4136666666667;41.11025;0.5;0.0466704;"ADV";0;0
"18ALB2013_PEC720_41";18;"ALB";2013;7;20;79;19.2616666666667;41.0856666666667;0.5;0.0508374;"ADV";5;0.32
"18ALB2014_PEC819_165";18;"ALB";2014;8;19;130;18.9394166666667;41.1218333333333;0.5;0.0526272;"ADV";2;0.03
"18ALB2014_PEC819_26";18;"ALB";2014;8;19;294;18.8655;41.0944166666667;1;0.1070784;"ADV";3;0.04
"18ALB2014_PEC819_41";18;"ALB";2014;8;19;78;19.2628333333333;41.0728333333333;0.5;0.0496121;"ADV";1;0.05
"18ALB2014_PEC819_8";18;"ALB";2014;8;19;60.5;19.3529166666667;41.18225;0.5;0.0489243;"ADV";9;0.3
"18ALB2014_PEC820_169";18;"ALB";2014;8;20;516;19.0634166666667;40.4829166666667;1;0.097;"ADV";1;0.22
"18ALB2014_PEC820_22";18;"ALB";2014;8;20;168.5;19.1495;40.61925;0.5;0.0533376;"ADV";3;0.07
"18ALB2014_PEC820_23";18;"ALB";2014;8;20;161;19.2078333333333;40.47625;0.5;0.0533376;"ADV";0;0
"18ALB2014_PEC820_31";18;"ALB";2014;8;20;324.5;19.1381666666667;40.46025;1;0.1085436;"ADV";0;0
"18ALB2014_PEC821_1";18;"ALB";2014;8;21;26.5;19.399;41.5494166666667;0.5;0.0497262;"ADV";4;0.25
"18ALB2014_PEC821_13";18;"ALB";2014;8;21;87;19.2525833333333;41.3175833333333;0.5;0.0499379;"ADV";0;0
"18ALB2014_PEC821_14";18;"ALB";2014;8;21;113.5;19.1046666666667;41.402;0.5;0.0518976;"ADV";6;0.055
"18ALB2014_PEC821_168";18;"ALB";2014;8;21;393.5;18.75875;41.4693333333333;1;0.1070784;"ADV";4;0.05
"18ALB2014_PEC821_4";18;"ALB";2014;8;21;75;19.2805833333333;41.5539166666667;0.5;0.0492682;"ADV";9;0.45
"18ALB2014_PEC821_6";18;"ALB";2014;8;21;93;19.2681666666667;41.4093333333333;0.5;0.0485985;"ADV";3;0.2
"18ALB2014_PEC822_166";18;"ALB";2014;8;22;114;18.9695833333333;41.3135833333333;0.5;0.050496;"ADV";1;0.03
"18ALB2014_PEC822_167";18;"ALB";2014;8;22;340.5;18.8891666666667;40.8769166666667;1;0.1045044;"ADV";5;0.1
"18ALB2014_PEC822_170";18;"ALB";2014;8;22;617;18.7465833333333;41.0669166666667;1;0.0991534;"ADV";7;0.27
"18ALB2014_PEC822_32";18;"ALB";2014;8;22;576;18.7799166666667;40.9635833333333;1;0.0952152;"ADV";2;0.21
"18ALB2014_PEC822_33";18;"ALB";2014;8;22;548;18.8375;40.8753333333333;1;0.1009576;"ADV";4;0.53
"18ALB2014_PEC822_38";18;"ALB";2014;8;22;579;18.9201666666667;40.7658333333333;1;0.1002398;"ADV";3;0.015
"18ALB2014_PEC823_10";18;"ALB";2014;8;23;88.5;19.2034166666667;40.9450833333333;0.5;0.0499379;"ADV";5;0.14
"18ALB2014_PEC823_16";18;"ALB";2014;8;23;103;19.1614166666667;40.8535833333333;0.5;0.052992;"ADV";4;0.05
"18ALB2014_PEC823_163";18;"ALB";2014;8;23;69.5;19.2546666666667;40.761;0.5;0.0489424;"ADV";0;0
"18ALB2014_PEC823_17";18;"ALB";2014;8;23;112;19.1551666666667;40.7159166666667;0.5;0.0512064;"ADV";2;0.28
"18ALB2014_PEC823_27";18;"ALB";2014;8;23;320;19.01075;40.7155833333333;1;0.1045044;"ADV";2;0.1
"18ALB2014_PEC823_39";18;"ALB";2014;8;23;539.5;18.9865833333333;40.68875;1;0.097;"ADV";2;0.41
"18ALB2014_PEC824_2";18;"ALB";2014;8;24;14;19.41425;41.1005;0.5;0.0497262;"ADV";2;0.01
"18ALB2015_PEC83_13";18;"ALB";2015;8;3;88;19.2555;41.3075833333333;0.5;0.0508374;"ADV";3;0.14
"18ALB2015_PEC83_2";18;"ALB";2015;8;3;14.5;19.4145833333333;41.096;0.5;0.0480594;"ADV";2;0.04
"18ALB2015_PEC83_8";18;"ALB";2015;8;3;61;19.3520833333333;41.1898333333333;0.5;0.0508374;"ADV";3;0.06
"18ALB2015_PEC84_10";18;"ALB";2015;8;4;90;19.2028333333333;40.9311666666667;0.5;0.0508374;"ADV";3;0.1
"18ALB2015_PEC84_16";18;"ALB";2015;8;4;102.5;19.1615;40.8426666666667;0.5;0.0522264;"ADV";3;0.1
"18ALB2015_PEC84_163";18;"ALB";2015;8;4;69;19.2535833333333;40.7484166666667;0.5;0.0508374;"ADV";2;0.12
"18ALB2015_PEC84_17";18;"ALB";2015;8;4;114;19.1553333333333;40.70175;0.5;0.0522264;"ADV";1;0.1
"18ALB2015_PEC84_22";18;"ALB";2015;8;4;165.5;19.1589166666667;40.60625;0.5;0.0518692;"ADV";2;0.06
"18ALB2015_PEC84_23";18;"ALB";2015;8;4;167.5;19.2110833333333;40.4701666666667;0.5;0.0518692;"ADV";2;0.05
"18ALB2015_PEC84_41";18;"ALB";2015;8;4;77;19.2628333333333;41.07525;0.5;0.0508374;"ADV";2;0.05
"18ALB2015_PEC85_167";18;"ALB";2015;8;5;344.5;18.87375;40.8996666666667;1;0.1056132;"ADV";1;0.02
"18ALB2015_PEC85_169";18;"ALB";2015;8;5;513;19.0625;40.4835;1;0.1063508;"ADV";1;0.05
"18ALB2015_PEC85_27";18;"ALB";2015;8;5;332;18.9919166666667;40.73575;1;0.1063458;"ADV";2;0.1
"18ALB2015_PEC85_31";18;"ALB";2015;8;5;326.5;19.138;40.4601666666667;1;0.1092762;"ADV";2;0.52
"18ALB2015_PEC85_38";18;"ALB";2015;8;5;515;18.8979166666667;40.7954166666667;1;0.1067;"ADV";3;0.06
"18ALB2015_PEC85_39";18;"ALB";2015;8;5;519;18.9898333333333;40.6869166666667;1;0.1038482;"ADV";0;0
"18ALB2015_PEC86_165";18;"ALB";2015;8;6;128.5;18.9394166666667;41.1240833333333;0.5;0.050478;"ADV";1;0.1
"18ALB2015_PEC86_170";18;"ALB";2015;8;6;618.5;18.7449166666667;41.095;1;0.0988042;"ADV";10;0.42
"18ALB2015_PEC86_26";18;"ALB";2015;8;6;295.5;18.8649166666667;41.09625;1;0.1033956;"ADV";1;0.16
"18ALB2015_PEC86_32";18;"ALB";2015;8;6;549;18.7716666666667;41.0005;1;0.1045466;"ADV";0;0
"18ALB2015_PEC86_33";18;"ALB";2015;8;6;560.5;18.81775;40.90375;1;0.102044;"ADV";3;0.26
"18ALB2015_PEC87_1";18;"ALB";2015;8;7;27.5;19.3974166666667;41.5563333333333;0.5;0.0480594;"ADV";2;0.05
"18ALB2015_PEC87_14";18;"ALB";2015;8;7;115;19.1046666666667;41.4150833333333;0.5;0.051512;"ADV";3;0.02
"18ALB2015_PEC87_166";18;"ALB";2015;8;7;112;18.9803333333333;41.32975;0.5;0.0522264;"ADV";2;0.05
"18ALB2015_PEC87_168";18;"ALB";2015;8;7;392;18.7614166666667;41.4434166666667;1;0.100485;"ADV";2;0.1
"18ALB2015_PEC87_4";18;"ALB";2015;8;7;75.5;19.28025;41.54725;0.5;0.0504897;"ADV";1;0.06
"18ALB2015_PEC87_6";18;"ALB";2015;8;7;92.5;19.269;41.4103333333333;0.5;0.0508374;"ADV";0;0
"18ALB2016_PEC729_167";18;"ALB";2016;7;29;342;18.87925;40.8920833333333;1;0.11112;"ADV";1;0.05
"18ALB2016_PEC729_27";18;"ALB";2016;7;29;318;19.0140833333333;40.71375;1;0.11;"ADV";2;0.04
"18ALB2016_PEC729_32";18;"ALB";2016;7;29;560.5;18.77625;40.9890833333333;1;0.1048806;"ADV";3;0.11
"18ALB2016_PEC729_33";18;"ALB";2016;7;29;573.5;18.8203333333333;40.8985833333333;1;0.1030392;"ADV";2;1.33
"18ALB2016_PEC729_38";18;"ALB";2016;7;29;544.5;18.899;40.79325;1;0.1100088;"ADV";1;0.02
"18ALB2016_PEC729_39";18;"ALB";2016;7;29;539.5;18.9868333333333;40.6915;1;0.1089;"ADV";4;0.15
"18ALB2016_PEC730_165";18;"ALB";2016;7;30;132;18.9384166666667;41.12225;0.5;0.0525346;"ADV";2;0.03
"18ALB2016_PEC730_168";18;"ALB";2016;7;30;389;18.7606666666667;41.464;1;0.11112;"ADV";1;0.01
"18ALB2016_PEC730_170";18;"ALB";2016;7;30;625;18.7463333333333;41.09625;1;0.1070784;"ADV";14;1.06
"18ALB2016_PEC730_26";18;"ALB";2016;7;30;294.5;18.8668333333333;41.09575;1;0.11112;"ADV";3;0.37
"18ALB2016_PEC82_2";18;"ALB";2016;8;2;14;19.41425;41.1035833333333;0.5;0.0480594;"ADV";3;0.03
"18ALB2016_PEC82_8";18;"ALB";2016;8;2;60.5;19.3535;41.18725;0.5;0.0511152;"ADV";2;0.12
"18ALB2016_PEC83_1";18;"ALB";2016;8;3;26;19.3994166666667;41.54975;0.5;0.0477307;"ADV";1;0.02
"18ALB2016_PEC83_13";18;"ALB";2016;8;3;85;19.2559166666667;41.3036666666667;0.5;0.0511152;"ADV";7;0.21
"18ALB2016_PEC83_14";18;"ALB";2016;8;3;114;19.1055833333333;41.4144166666667;0.5;0.0536154;"ADV";0;0
"18ALB2016_PEC83_4";18;"ALB";2016;8;3;76;19.2795;41.5416666666667;0.5;0.0511152;"ADV";0;0
"18ALB2016_PEC83_6";18;"ALB";2016;8;3;93.5;19.2675;41.4069166666667;0.5;0.0511152;"ADV";3;0.17
"18ALB2016_PEC84_163";18;"ALB";2016;8;4;69.5;19.2545;40.7536666666667;0.5;0.0511152;"ADV";5;0.38
"18ALB2016_PEC84_169";18;"ALB";2016;8;4;525.5;19.0619166666667;40.4828333333333;1;0.1023066;"ADV";1;0.05
"18ALB2016_PEC84_17";18;"ALB";2016;8;4;114.5;19.1560833333333;40.7004166666667;0.5;0.0536154;"ADV";7;0.1
"18ALB2016_PEC84_22";18;"ALB";2016;8;4;167.5;19.15925;40.60475;0.5;0.0536154;"ADV";0;0
"18ALB2016_PEC84_23";18;"ALB";2016;8;4;164;19.2083333333333;40.4734166666667;0.5;0.0536154;"ADV";0;0
"18ALB2016_PEC84_31";18;"ALB";2016;8;4;300.5;19.13725;40.4578333333333;1;0.11036;"ADV";1;0.1
"18ALB2016_PEC85_10";18;"ALB";2016;8;5;88;19.204;40.9479166666667;0.5;0.0511152;"ADV";3;0.06
"18ALB2016_PEC85_16";18;"ALB";2016;8;5;103;19.1624166666667;40.8536666666667;0.5;0.0536154;"ADV";1;0.05
"18ALB2016_PEC85_166";18;"ALB";2016;8;5;115;18.9753333333333;41.32525;0.5;0.0536154;"ADV";0;0
"18ALB2016_PEC85_41";18;"ALB";2016;8;5;77.5;19.26275;41.08525;0.5;0.0511152;"ADV";4;0.2
"18ALB2017_PEC1019_167";18;"ALB";2017;10;19;347.5;18.8710833333333;40.9043333333333;1;0.1063496;"ADV";3;0.21
"18ALB2017_PEC1019_170";18;"ALB";2017;10;19;601.5;18.7436666666667;41.10675;1;0.1011513;"ADV";8;1.54
"18ALB2017_PEC1019_33";18;"ALB";2017;10;19;555.5;18.8119166666667;40.912;1;0.1025795;"ADV";2;0.115
"18ALB2017_PEC1019_38";18;"ALB";2017;10;19;518.5;18.8965;40.7966666666667;1;0.103641;"ADV";0;0
"18ALB2017_PEC1019_39";18;"ALB";2017;10;19;545;18.9866666666667;40.6926666666667;1;0.1011513;"ADV";3;0.08
"18ALB2017_PEC1021_165";18;"ALB";2017;10;21;126.5;18.9428333333333;41.1033333333333;0.5;0.052782;"ADV";1;0.63
"18ALB2017_PEC1021_166";18;"ALB";2017;10;21;116.5;18.9675833333333;41.3103333333333;0.5;0.051718;"ADV";3;0.03
"18ALB2017_PEC1021_168";18;"ALB";2017;10;21;392;18.7635;41.4413333333333;1;0.1019984;"ADV";2;0.05
"18ALB2017_PEC1021_26";18;"ALB";2017;10;21;295;18.86525;41.0938333333333;1;0.1059968;"ADV";1;0.02
"18ALB2017_PEC1021_32";18;"ALB";2017;10;21;564.5;18.7800833333333;40.9566666666667;1;0.1018654;"ADV";5;0.06
"18ALB2017_PEC1027_10";18;"ALB";2017;10;27;90;19.20375;40.9308333333333;0.5;0.0482727;"ADV";4;0.14
"18ALB2017_PEC1027_16";18;"ALB";2017;10;27;103;19.1615833333333;40.8421666666667;0.5;0.050673;"ADV";1;0.03
"18ALB2017_PEC1027_2";18;"ALB";2017;10;27;14.5;19.4145;41.1011666666667;0.5;0.047226;"ADV";0;0
"18ALB2017_PEC1028_1";18;"ALB";2017;10;28;29;19.3969166666667;41.55975;0.5;0.047226;"ADV";0;0
"18ALB2017_PEC1028_13";18;"ALB";2017;10;28;83.5;19.25675;41.3;0.5;0.0502818;"ADV";5;0.24
"18ALB2017_PEC1028_4";18;"ALB";2017;10;28;77.5;19.2770833333333;41.5319166666667;0.5;0.0502818;"ADV";10;0.3
"18ALB2017_PEC1028_8";18;"ALB";2017;10;28;61;19.3524166666667;41.1853333333333;0.5;0.0502818;"ADV";3;0.05
"18ALB2017_PEC1029_163";18;"ALB";2017;10;29;69;19.2553333333333;40.7594166666667;0.5;0.0502818;"ADV";5;0.27
"18ALB2017_PEC1029_169";18;"ALB";2017;10;29;524;19.0811666666667;40.4591666666667;1;0.0982949;"ADV";0;0
"18ALB2017_PEC1029_22";18;"ALB";2017;10;29;171;19.148;40.6209166666667;0.5;0.052782;"ADV";1;0.01
"18ALB2017_PEC1029_23";18;"ALB";2017;10;29;162.5;19.2071666666667;40.4784166666667;0.5;0.052782;"ADV";0;0
"18ALB2017_PEC1029_31";18;"ALB";2017;10;29;298;19.13575;40.4833333333333;1;0.1034488;"ADV";1;0.02
"18ALB2018_MIZ728_167";18;"ALB";2018;7;28;345.5;18.874;40.8975;1;0.106722;"ADV";2;0.03
"18ALB2018_MIZ728_27";18;"ALB";2018;7;28;325.5;19.0005833333333;40.72875;1;0.1088976;"ADV";1;0.03
"18ALB2018_MIZ728_32";18;"ALB";2018;7;28;555;18.77525;40.9906666666667;0.916666666666667;0.085344;"ADV";2;0.05
"18ALB2018_MIZ728_33";18;"ALB";2018;7;28;540;18.81325;40.91225;1;0.1034688;"ADV";1;0.02
"18ALB2018_MIZ728_38";18;"ALB";2018;7;28;587.5;18.9060833333333;40.7830833333333;1;0.1055424;"ADV";1;0.02
"18ALB2018_MIZ728_39";18;"ALB";2018;7;28;518;18.9888333333333;40.6875833333333;1;0.1010496;"ADV";2;0.03
"18ALB2018_MIZ729_168";18;"ALB";2018;7;29;392;18.76225;41.4449166666667;1;0.1088976;"ADV";1;0.02
"18ALB2018_MIZ730_14";18;"ALB";2018;7;30;114.5;19.10475;41.4011666666667;0.5;0.0516708;"ADV";1;0.05
"18ALB2018_MIZ730_165";18;"ALB";2018;7;30;125;18.944;41.1045833333333;0.5;0.0516708;"ADV";0;0
"18ALB2018_MIZ730_166";18;"ALB";2018;7;30;118.5;18.9675833333333;41.3130833333333;0.5;0.0516708;"ADV";1;0.05
"18ALB2018_MIZ730_170";18;"ALB";2018;7;30;595.5;18.7471666666667;41.0705833333333;1;0.1015488;"ADV";4;0.04
"18ALB2018_MIZ730_26";18;"ALB";2018;7;30;295;18.86125;41.1145833333333;1;0.1088976;"ADV";1;0.02
"18ALB2018_MIZ823_1";18;"ALB";2018;8;23;26.5;19.3994166666667;41.5490833333333;0.5;0.0461148;"ADV";1;0.03
"18ALB2018_MIZ823_13";18;"ALB";2018;8;23;87.5;19.2531666666667;41.313;0.5;0.0497262;"ADV";1;0.04
"18ALB2018_MIZ823_4";18;"ALB";2018;8;23;75.5;19.2816666666667;41.5528333333333;0.5;0.0497262;"ADV";4;0.32
"18ALB2018_MIZ823_6";18;"ALB";2018;8;23;94;19.2684166666667;41.4175833333333;0.5;0.0497262;"ADV";2;0.08
"18ALB2018_MIZ824_16";18;"ALB";2018;8;24;103;19.1624166666667;40.8581666666667;0.5;0.0516708;"ADV";3;0.03
"18ALB2018_MIZ824_163";18;"ALB";2018;8;24;70;19.255;40.7615833333333;0.5;0.0497262;"ADV";0;0
"18ALB2018_MIZ824_169";18;"ALB";2018;8;24;533;19.08275;40.4565833333333;1;0.0992064;"ADV";2;0.03
"18ALB2018_MIZ824_17";18;"ALB";2018;8;24;109.5;19.1560833333333;40.7221666666667;0.5;0.0516708;"ADV";2;0.02
"18ALB2018_MIZ824_22";18;"ALB";2018;8;24;169;19.145;40.6311666666667;0.5;0.0516708;"ADV";0;0
"18ALB2018_MIZ824_23";18;"ALB";2018;8;24;162;19.20475;40.4781666666667;0.5;0.0516708;"ADV";2;0.13
"18ALB2018_MIZ824_31";18;"ALB";2018;8;24;297;19.1345;40.4845;1;0.1088976;"ADV";0;0
"18ALB2018_MIZ825_10";18;"ALB";2018;8;25;88.5;19.2040833333333;40.954;0.5;0.0497262;"ADV";0;0
"18ALB2018_MIZ825_2";18;"ALB";2018;8;25;15;19.4139166666667;41.10775;0.5;0.0461148;"ADV";1;0.02
"18ALB2018_MIZ825_41";18;"ALB";2018;8;25;78.5;19.2625;41.0875;0.5;0.0497262;"ADV";0;0
"18ALB2018_MIZ825_8";18;"ALB";2018;8;25;61;19.3541666666667;41.1954166666667;0.5;0.049404;"ADV";3;0.1
"18ALB2019_MIZ71_14";18;"ALB";2019;7;1;115.5;19.1053333333333;41.4099166666667;0.5;0.047619;"ADV";2;0.04
"18ALB2019_MIZ71_165";18;"ALB";2019;7;1;126;18.9409166666667;41.119;0.5;0.0537795;"ADV";0;0
"18ALB2019_MIZ71_166";18;"ALB";2019;7;1;114;18.9735833333333;41.3205;0.5;0.0524105;"ADV";0;0
"18ALB2019_MIZ71_168";18;"ALB";2019;7;1;391.5;18.76025;41.45975;1;0.1040077;"ADV";1;0.01
"18ALB2019_MIZ71_170";18;"ALB";2019;7;1;620.5;18.7454166666667;41.0965833333333;1;0.1004535;"ADV";0;0
"18ALB2019_MIZ71_26";18;"ALB";2019;7;1;295;18.8616666666667;41.113;1;0.1108013;"ADV";3;0.42
"18ALB2019_MIZ73_167";18;"ALB";2019;7;3;340;18.8838333333333;40.8854166666667;1;0.1079449;"ADV";0;0
"18ALB2019_MIZ73_27";18;"ALB";2019;7;3;327.5;18.9993333333333;40.72875;1;0.1047218;"ADV";5;0.19
"18ALB2019_MIZ73_32";18;"ALB";2019;7;3;569;18.7786666666667;40.97825;1;0.1015119;"ADV";4;0.04
"18ALB2019_MIZ73_33";18;"ALB";2019;7;3;568.5;18.8199166666667;40.9005833333333;1;0.1015119;"ADV";5;0.15
"18ALB2019_MIZ73_38";18;"ALB";2019;7;3;583.5;18.902;40.78825;1;0.1029105;"ADV";4;0.07
"18ALB2019_MIZ73_39";18;"ALB";2019;7;3;562.5;18.9916666666667;40.6819166666667;1;0.0965979;"ADV";2;0.15
"18ALB2019_MIZ730_10";18;"ALB";2019;7;30;89;19.2038333333333;40.9405833333333;0.5;0.0491706;"ADV";2;0.05
"18ALB2019_MIZ730_16";18;"ALB";2019;7;30;103;19.1614166666667;40.8419166666667;0.5;0.051393;"ADV";18;2.92
"18ALB2019_MIZ730_17";18;"ALB";2019;7;30;113;19.15575;40.7024166666667;0.5;0.051393;"ADV";1;0.13
"18ALB2019_MIZ730_2";18;"ALB";2019;7;30;14.5;19.41375;41.1044166666667;0.5;0.045837;"ADV";0;0
"18ALB2019_MIZ730_22";18;"ALB";2019;7;30;167.5;19.1523333333333;40.61525;0.5;0.051393;"ADV";4;0.5
"18ALB2019_MIZ730_41";18;"ALB";2019;7;30;78.5;19.2624166666667;41.0795833333333;0.5;0.0491706;"ADV";3;0.6
"18ALB2019_MIZ730_8";18;"ALB";2019;7;30;61.5;19.3523333333333;41.19175;0.5;0.0491706;"ADV";4;0.1
"18ALB2019_MIZ731_163";18;"ALB";2019;7;31;70;19.2554166666667;40.761;0.5;0.048852;"ADV";1;0.05
"18ALB2019_MIZ731_169";18;"ALB";2019;7;31;530.5;19.0804166666667;40.46675;1;0.0983556;"ADV";1;0.05
"18ALB2019_MIZ731_23";18;"ALB";2019;7;31;162.5;19.2078333333333;40.47525;0.5;0.050024;"ADV";2;0.05
"18ALB2019_MIZ731_31";18;"ALB";2019;7;31;297;19.1348333333333;40.4843333333333;1;0.1029462;"ADV";2;0.08
"18ALB2019_MIZ81_1";18;"ALB";2019;8;1;28;19.39825;41.5578333333333;0.5;0.045837;"ADV";4;0.14
"18ALB2019_MIZ81_13";18;"ALB";2019;8;1;88;19.25475;41.3074166666667;0.5;0.0485157;"ADV";0;0
"18ALB2019_MIZ81_4";18;"ALB";2019;8;1;77;19.27825;41.5401666666667;0.5;0.0491706;"ADV";3;0.03
"18ALB2019_MIZ81_6";18;"ALB";2019;8;1;94;19.2675;41.4023333333333;0.5;0.0491706;"ADV";2;0.06
"18ALB2020_MIZ114_14";18;"ALB";2020;11;4;113.5;19.1054166666667;41.4048333333333;0.5;0.049444;"ADV";0;0
"18ALB2020_MIZ114_165";18;"ALB";2020;11;4;125.5;18.9438333333333;41.1123333333333;0.5;0.0536176;"ADV";0;0
"18ALB2020_MIZ114_166";18;"ALB";2020;11;4;115.5;18.9711666666667;41.3171666666667;0.5;0.0515308;"ADV";4;0.38
"18ALB2020_MIZ114_168";18;"ALB";2020;11;4;389.5;18.7613333333333;41.46325;1;0.1039766;"ADV";2;0.1
"18ALB2020_MIZ114_170";18;"ALB";2020;11;4;600;18.7475833333333;41.0755;1;0.0961526;"ADV";0;0
"18ALB2020_MIZ114_26";18;"ALB";2020;11;4;297;18.8618333333333;41.1118333333333;1;0.1072665;"ADV";1;0.02
"18ALB2020_MIZ115_167";18;"ALB";2020;11;5;345.5;18.8776666666667;40.8930833333333;1;0.1054344;"ADV";2;0.07
"18ALB2020_MIZ115_27";18;"ALB";2020;11;5;325;19.00925;40.7189166666667;1;0.1054344;"ADV";4;0.22
"18ALB2020_MIZ115_32";18;"ALB";2020;11;5;580.5;18.78175;40.965;1;0.0986616;"ADV";1;0.05
"18ALB2020_MIZ115_33";18;"ALB";2020;11;5;551;18.8376666666667;40.8771666666667;1;0.1022321;"ADV";1;0.02
"18ALB2020_MIZ115_38";18;"ALB";2020;11;5;576.5;18.9215833333333;40.7659166666667;1;0.1004372;"ADV";0;0
"18ALB2020_MIZ115_39";18;"ALB";2020;11;5;553;19.0021666666667;40.6568333333333;1;0.1004372;"ADV";1;0.2
"18ALB2021_MIZ825_168";18;"ALB";2021;8;25;390;18.762;41.4564166666667;1;0.104364;"ADV";5;0.04
"18ALB2021_MIZ826_14";18;"ALB";2021;8;26;113.5;19.10625;41.40625;0.5;0.0492528;"ADV";0;0
"18ALB2021_MIZ826_165";18;"ALB";2021;8;26;125.5;18.9436666666667;41.1119166666667;0.5;0.0502944;"ADV";1;0.12
"18ALB2021_MIZ826_166";18;"ALB";2021;8;26;114.5;18.9719166666667;41.3175;0.5;0.0488994;"ADV";0;0
"18ALB2021_MIZ826_170";18;"ALB";2021;8;26;612;18.7476666666667;41.0688333333333;1;0.0983268;"ADV";1;0.015
"18ALB2021_MIZ826_26";18;"ALB";2021;8;26;296;18.8633333333333;41.11;1;0.108693;"ADV";0;0
"18ALB2021_MIZ826_32";18;"ALB";2021;8;26;585;18.7805833333333;40.96525;1;0.1001031;"ADV";0;0
"18ALB2021_MIZ831_167";18;"ALB";2021;8;31;346.5;18.8749166666667;40.897;1;0.1065285;"ADV";4;0.08
"18ALB2021_MIZ831_27";18;"ALB";2021;8;31;328;18.99875;40.7326666666667;1;0.1050855;"ADV";0;0
"18ALB2021_MIZ831_33";18;"ALB";2021;8;31;556;18.8191666666667;40.9051666666667;1;0.1029299;"ADV";2;0.05
"18ALB2021_MIZ831_38";18;"ALB";2021;8;31;578.5;18.9015;40.7896666666667;1;0.100466;"ADV";1;0.04
"18ALB2021_MIZ831_39";18;"ALB";2021;8;31;519;18.9886666666667;40.689;1;0.1008098;"ADV";4;0.9
"18ALB2023_MIZ724_1";18;"ALB";2023;7;24;19.5;19.39725;41.557;0.5;0.0452814;"ADV";4;0.18
"18ALB2023_MIZ724_13";18;"ALB";2023;7;24;87.5;19.2540833333333;41.3118333333333;0.5;0.0473628;"ADV";2;0.05
"18ALB2023_MIZ724_4";18;"ALB";2023;7;24;77;19.27975;41.5451666666667;0.5;0.0483372;"ADV";6;0.12
"18ALB2023_MIZ724_6";18;"ALB";2023;7;24;94;19.26775;41.4050833333333;0.5;0.0483372;"ADV";4;0.64
"18ALB2023_MIZ724_8";18;"ALB";2023;7;24;70;19.3534166666667;41.1935;0.5;0.0482328;"ADV";6;0.06
"18ALB2023_MIZ725_10";18;"ALB";2023;7;25;89.5;19.2038333333333;40.9419166666667;0.5;0.0483372;"ADV";2;0.04
"18ALB2023_MIZ725_2";18;"ALB";2023;7;25;14.5;19.4149166666667;41.1026666666667;0.5;0.0452814;"ADV";1;0.01
"18ALB2023_MIZ725_41";18;"ALB";2023;7;25;78.5;19.2631666666667;41.0788333333333;0.5;0.0483372;"ADV";6;0.12
"18ALB2023_MIZ728_16";18;"ALB";2023;7;28;103;19.1624166666667;40.85175;0.5;0.0508374;"ADV";4;0.05
"18ALB2023_MIZ728_163";18;"ALB";2023;7;28;70.5;19.2540833333333;40.7599166666667;0.5;0.0483372;"ADV";4;0.38
"18ALB2023_MIZ728_169";18;"ALB";2023;7;28;529.5;19.0581666666667;40.4778333333333;1;0.1034688;"ADV";1;0.02
"18ALB2023_MIZ728_17";18;"ALB";2023;7;28;111;19.1569166666667;40.7125;0.5;0.0508374;"ADV";1;0.08
"18ALB2023_MIZ728_22";18;"ALB";2023;7;28;168.5;19.152;40.61575;0.5;0.0508374;"ADV";3;0.06
"18ALB2023_MIZ728_23";18;"ALB";2023;7;28;164;19.2090833333333;40.4690833333333;0.5;0.0484584;"ADV";1;0.01
"18ALB2023_MIZ728_31";18;"ALB";2023;7;28;315;19.137;40.4638333333333;1;0.1077864;"ADV";5;0.08
"18ALB2023_MIZ818_168";18;"ALB";2023;8;18;393.5;18.7584166666667;41.468;1;0.1077864;"ADV";0;0
"18ALB2023_MIZ819_167";18;"ALB";2023;8;19;344;18.87675;40.89625;1;0.1063508;"ADV";3;0.08
"18ALB2023_MIZ819_27";18;"ALB";2023;8;19;323.5;19.01025;40.7191666666667;1;0.1034796;"ADV";1;0.02
"18ALB2023_MIZ819_32";18;"ALB";2023;8;19;562.5;18.78225;40.9676666666667;1;0.1006272;"ADV";2;0.03
"18ALB2023_MIZ819_33";18;"ALB";2023;8;19;556.5;18.83325;40.8818333333333;1;0.0988416;"ADV";0;0
"18ALB2023_MIZ819_38";18;"ALB";2023;8;19;566.5;18.9180833333333;40.7714166666667;1;0.0988416;"ADV";0;0
"18ALB2023_MIZ819_39";18;"ALB";2023;8;19;542.5;19.001;40.66025;1;0.1017024;"ADV";4;0.3
"18ALB2023_MIZ820_14";18;"ALB";2023;8;20;115;19.1040833333333;41.4049166666667;0.5;0.0508374;"ADV";0;0
"18ALB2023_MIZ820_165";18;"ALB";2023;8;20;123.5;18.94375;41.1116666666667;0.5;0.0508374;"ADV";3;0.1
"18ALB2023_MIZ820_166";18;"ALB";2023;8;20;116.5;18.9694166666667;41.31575;0.5;0.0508374;"ADV";0;0
"18ALB2023_MIZ820_170";18;"ALB";2023;8;20;588;18.7476666666667;41.07675;1;0.0988416;"ADV";1;0.02
"18ALB2023_MIZ820_26";18;"ALB";2023;8;20;296;18.8650833333333;41.1013333333333;1;0.103111;"ADV";0;0
"18ALB2024_MIZ84_167";18;"ALB";2024;8;4;346;18.8724166666667;40.8999166666667;1;0.1036603;"ADV";0;0
"18ALB2024_MIZ84_27";18;"ALB";2024;8;4;329;18.997;40.7345;1;0.1004372;"ADV";5;0.1
"18ALB2024_MIZ84_33";18;"ALB";2024;8;4;542.5;18.8146666666667;40.90875;1;0.0962577;"ADV";0;0
"18ALB2024_MIZ84_38";18;"ALB";2024;8;4;562;18.9105833333333;40.7784166666667;1;0.0990549;"ADV";0;0
"18ALB2024_MIZ84_39";18;"ALB";2024;8;4;539;18.9934166666667;40.6828333333333;1;0.0948402;"ADV";1;0.005
"18ALB2024_MIZ85_168";18;"ALB";2024;8;5;389.5;18.762;41.4555833333333;1;0.1054359;"ADV";2;0.05
"18ALB2024_MIZ86_14";18;"ALB";2024;8;6;113.5;19.1048333333333;41.4039166666667;0.5;0.0508374;"ADV";0;0
"18ALB2024_MIZ86_165";18;"ALB";2024;8;6;125;18.9426666666667;41.1109166666667;0.5;0.0522099;"ADV";0;0
"18ALB2024_MIZ86_166";18;"ALB";2024;8;6;113;18.9720833333333;41.3175;0.5;0.0508374;"ADV";0;0
"18ALB2024_MIZ86_170";18;"ALB";2024;8;6;600;18.7460833333333;41.0745833333333;1;0.0951993;"ADV";1;0.005
"18ALB2024_MIZ86_26";18;"ALB";2024;8;6;295;18.8626666666667;41.1120833333333;1;0.1050692;"ADV";4;0.4
"18ALB2024_MIZ86_32";18;"ALB";2024;8;6;581;18.78;40.9655;1;0.0965979;"ADV";0;0
"18ALB2024_ROZ925_10";18;"ALB";2024;9;25;90;19.20225;40.9398333333333;0.5;0.0480594;"ADV";1;0.01
"18ALB2024_ROZ925_16";18;"ALB";2024;9;25;102;19.1729166666667;40.8588333333333;0.5;0.0508374;"ADV";1;0.02
"18ALB2024_ROZ925_2";18;"ALB";2024;9;25;15.5;19.4123333333333;41.0933333333333;0.5;0.0461148;"ADV";0;0
"18ALB2024_ROZ925_41";18;"ALB";2024;9;25;79;19.2624166666667;41.0789166666667;0.5;0.0480594;"ADV";5;0.12
"18ALB2024_ROZ926_1";18;"ALB";2024;9;26;27.5;19.395;41.5429166666667;0.5;0.0461148;"ADV";2;0.02
"18ALB2024_ROZ926_13";18;"ALB";2024;9;26;86.5;19.27875;41.30825;0.5;0.0480594;"ADV";3;0.03
"18ALB2024_ROZ926_4";18;"ALB";2024;9;26;77;19.27725;41.5591666666667;0.5;0.0480594;"ADV";0;0
"18ALB2024_ROZ926_6";18;"ALB";2024;9;26;93;19.2690833333333;41.4194166666667;0.5;0.0480594;"ADV";1;0.01
"18ALB2024_ROZ926_8";18;"ALB";2024;9;26;58.5;19.3573333333333;41.1983333333333;0.5;0.0480594;"ADV";1;0.05
"18ALB2024_ROZ927_163";18;"ALB";2024;9;27;70;19.252;40.74375;0.5;0.0480594;"ADV";0;0
"18ALB2024_ROZ927_17";18;"ALB";2024;9;27;115.5;19.1550833333333;40.7011666666667;0.5;0.0508374;"ADV";0;0
"18ALB2024_ROZ927_22";18;"ALB";2024;9;27;174.5;19.1606666666667;40.5834166666667;0.5;0.0479643;"ADV";1;0.01
"18ALB2024_ROZ927_23";18;"ALB";2024;9;27;172;19.2123333333333;40.4555833333333;0.5;0.0474519;"ADV";2;0.02
"18ALB2024_ROZ927_31";18;"ALB";2024;9;27;304;19.1286666666667;40.4920833333333;1;0.1072308;"ADV";1;0.02
"18ITA2013_PEC711_83";18;"ITA";2013;7;11;123;18.4449166666667;40.6470833333333;0.5;0.0528633;"ADV";2;0.12
"18ITA2013_PEC711_84";18;"ITA";2013;7;11;118.5;18.5136666666667;40.58825;0.5;0.0504063;"ADV";3;0.08
"18ITA2013_PEC711_85";18;"ITA";2013;7;11;457;18.5641666666667;40.6645;1;0.10668;"ADV";4;0.15
"18ITA2013_PEC711_93";18;"ITA";2013;7;11;120;18.3589166666667;40.6674166666667;0.5;0.0511056;"ADV";6;0.06
"18ITA2013_PEC711_95";18;"ITA";2013;7;11;120.5;18.28425;40.7045;0.5;0.0511056;"ADV";2;0.06
"18ITA2013_PEC711_98";18;"ITA";2013;7;11;517.5;18.4119166666667;40.7695833333333;1;0.1043509;"ADV";10;0.32
"18ITA2013_PEC712_156";18;"ITA";2013;7;12;38.5;18.4703333333333;40.2436666666667;0.5;0.0448056;"ADV";1;0.03
"18ITA2013_PEC712_157";18;"ITA";2013;7;12;111.5;18.5140833333333;40.40875;0.5;0.0504063;"ADV";6;0.07
"18ITA2013_PEC712_76";18;"ITA";2013;7;12;79.5;18.4468333333333;40.2999166666667;0.5;0.048129;"ADV";2;0.04
"18ITA2013_PEC712_77";18;"ITA";2013;7;12;415;18.6224166666667;40.3711666666667;1;0.11112;"ADV";0;0
"18ITA2013_PEC712_78";18;"ITA";2013;7;12;569;18.6405833333333;40.44025;1;0.0985197;"ADV";3;0.12
"18ITA2013_PEC712_86";18;"ITA";2013;7;12;541;18.6120833333333;40.6220833333333;1;0.1039963;"ADV";6;0.38
"18ITA2013_PEC713_154";18;"ITA";2013;7;13;80;17.8425;40.755;0.5;0.0498309;"ADV";0;0
"18ITA2013_PEC713_158";18;"ITA";2013;7;13;115;18.1295;40.70025;0.5;0.0553203;"ADV";3;0.07
"18ITA2013_PEC713_88";18;"ITA";2013;7;13;91;18.276;40.58525;0.5;0.0491538;"ADV";5;0.25
"18ITA2013_PEC713_97";18;"ITA";2013;7;13;109.5;17.9908333333333;40.7908333333333;0.5;0.0535626;"ADV";3;0.15
"18ITA2013_PEC715_131";18;"ITA";2013;7;15;102.5;17.8245833333333;40.8511666666667;0.5;0.0511056;"ADV";4;0.15
"18ITA2013_PEC715_151";18;"ITA";2013;7;15;246.5;17.8708333333333;41.0069166666667;1;0.10854;"ADV";1;0.03
"18ITA2013_PEC715_152";18;"ITA";2013;7;15;566;17.8619166666667;41.0394166666667;1;0.106183;"ADV";0;0
"18ITA2013_PEC723_101";18;"ITA";2013;7;23;63;17.5306666666667;40.884;0.5;0.0494832;"ADV";3;0.06
"18ITA2013_PEC723_132";18;"ITA";2013;7;23;102;17.6839166666667;40.9029166666667;0.5;0.0521451;"ADV";0;0
"18ITA2013_PEC723_133";18;"ITA";2013;7;23;112;17.6250833333333;40.9665;0.5;0.0343035;"ADV";4;0.13
"18ITA2013_PEC725_104";18;"ITA";2013;7;25;87;17.0555;41.1321666666667;0.5;0.0508374;"ADV";3;0.045
"18ITA2013_PEC725_134";18;"ITA";2013;7;25;72.5;17.4663333333333;40.9254166666667;0.5;0.0508374;"ADV";2;0.03
"18ITA2013_PEC725_135";18;"ITA";2013;7;25;31.5;17.2179166666667;41.0145833333333;0.5;0.0457296;"ADV";2;0.085
"18ITA2013_PEC725_150";18;"ITA";2013;7;25;133.5;17.4644166666667;41.05025;0.5;0.0500661;"ADV";3;0.08
"18ITA2013_PEC725_161";18;"ITA";2013;7;25;121.5;17.2993333333333;41.1231666666667;0.5;0.052164;"ADV";2;0.03
"18ITA2013_PEC727_107";18;"ITA";2013;7;27;113;16.9885;41.2389166666667;0.5;0.0549612;"ADV";1;0.015
"18ITA2013_PEC727_110";18;"ITA";2013;7;27;110;16.837;41.4336666666667;0.5;0.0525042;"ADV";1;0.04
"18ITA2013_PEC727_116";18;"ITA";2013;7;27;550.5;17.1655;41.52025;1;0.0981454;"ADV";5;0.38
"18ITA2013_PEC727_142";18;"ITA";2013;7;27;406.5;17.094;41.5216666666667;1;0.10298;"ADV";2;0.1
"18ITA2013_PEC727_80";18;"ITA";2013;7;27;40;16.9630833333333;41.1279166666667;0.5;0.0448056;"ADV";3;0.07
"18ITA2013_PEC729_100";18;"ITA";2013;7;29;39.5;16.7620833333333;41.18825;0.5;0.0445032;"ADV";0;0
"18ITA2013_PEC729_105";18;"ITA";2013;7;29;58.5;16.8294166666667;41.1853333333333;0.5;0.0494832;"ADV";6;0.18
"18ITA2013_PEC729_129";18;"ITA";2013;7;29;79;16.5245833333333;41.6031666666667;0.5;0.0501603;"ADV";0;0
"18ITA2013_PEC729_137";18;"ITA";2013;7;29;127;16.85625;41.5551666666667;0.5;0.0518049;"ADV";1;0.02
"18ITA2013_PEC729_138";18;"ITA";2013;7;29;106.5;16.853;41.32825;0.5;0.0514647;"ADV";3;0.06
"18ITA2013_PEC729_147";18;"ITA";2013;7;29;102;16.6914166666667;41.71325;0.5;0.0528633;"ADV";2;0.1
"18ITA2013_PEC729_148";18;"ITA";2013;7;29;106.5;16.7371666666667;41.6155;0.5;0.0525042;"ADV";0;0
"18ITA2013_PEC730_139";18;"ITA";2013;7;30;224.5;16.8316666666667;41.9088333333333;1;0.11112;"ADV";1;0.01
"18ITA2013_PEC730_143";18;"ITA";2013;7;30;572;17.0146666666667;41.9971666666667;1;0.1032674;"ADV";4;0.13
"18ITA2013_PEC730_144";18;"ITA";2013;7;30;611.5;17.0195833333333;42.0880833333333;1;0.1058087;"ADV";0;0
"18ITA2013_PEC730_145";18;"ITA";2013;7;30;372.5;16.947;42.163;1;0.1026;"ADV";2;0.06
"18ITA2013_PEC730_146";18;"ITA";2013;7;30;171;16.7606666666667;41.9214166666667;0.5;0.0507654;"ADV";0;0
"18ITA2013_PEC730_162";18;"ITA";2013;7;30;133;16.7305833333333;41.81575;0.5;0.0511056;"ADV";0;0
"18ITA2013_PEC82_117";18;"ITA";2013;8;2;33;16.33525;41.7906666666667;0.5;0.0476112;"ADV";1;0.02
"18ITA2013_PEC82_121";18;"ITA";2013;8;2;11;16.1605;41.7129166666667;0.5;0.0466704;"ADV";2;0.28
"18ITA2013_PEC82_123";18;"ITA";2013;8;2;17;16.2220833333333;41.5685;0.5;0.0476112;"ADV";1;0.025
"18ITA2013_PEC82_126";18;"ITA";2013;8;2;83.5;16.5133333333333;41.7238333333333;0.5;0.0501603;"ADV";1;0.05
"18ITA2013_PEC82_160";18;"ITA";2013;8;2;67.5;16.5040833333333;41.489;0.5;0.0494832;"ADV";1;0.03
"18ITA2013_PEC83_109";18;"ITA";2013;8;3;32.5;16.5545;41.2719166666667;0.5;0.0460488;"ADV";0;0
"18ITA2013_PEC83_112";18;"ITA";2013;8;3;56.5;16.5515833333333;41.3433333333333;0.5;0.050508;"ADV";3;0.03
"18ITA2013_PEC83_125";18;"ITA";2013;8;3;34;16.4053333333333;41.3948333333333;0.5;0.0469896;"ADV";0;0
"18ITA2014_PEC810_107";18;"ITA";2014;8;10;111.5;16.9759166666667;41.2463333333333;0.5;0.0497856;"ADV";1;0.1
"18ITA2014_PEC810_110";18;"ITA";2014;8;10;111.5;16.8375;41.4376666666667;0.5;0.0501312;"ADV";4;0.03
"18ITA2014_PEC810_116";18;"ITA";2014;8;10;544;17.1665;41.53775;1;0.1023932;"ADV";20;1.65
"18ITA2014_PEC810_137";18;"ITA";2014;8;10;124;16.8533333333333;41.5409166666667;0.5;0.0508416;"ADV";3;0.07
"18ITA2014_PEC810_142";18;"ITA";2014;8;10;415.5;17.07675;41.5454166666667;1;0.1033956;"ADV";5;0.25
"18ITA2014_PEC811_101";18;"ITA";2014;8;11;62.5;17.5326666666667;40.8829166666667;0.5;0.0496121;"ADV";1;0.5
"18ITA2014_PEC811_132";18;"ITA";2014;8;11;104.5;17.675;40.90725;0.5;0.0533376;"ADV";3;0.02
"18ITA2014_PEC811_133";18;"ITA";2014;8;11;108;17.6091666666667;40.971;0.5;0.0533376;"ADV";2;0.02
"18ITA2014_PEC811_134";18;"ITA";2014;8;11;73;17.44875;40.9375833333333;0.5;0.049594;"ADV";3;0.03
"18ITA2014_PEC811_135";18;"ITA";2014;8;11;37;17.2365;41.0066666666667;0.5;0.0467369;"ADV";2;0.05
"18ITA2014_PEC811_150";18;"ITA";2014;8;11;133;17.4793333333333;41.0421666666667;0.5;0.051552;"ADV";0;0
"18ITA2014_PEC811_161";18;"ITA";2014;8;11;120;17.3195833333333;41.1124166666667;0.5;0.0508416;"ADV";0;0
"18ITA2014_PEC812_131";18;"ITA";2014;8;12;103.5;17.8271666666667;40.8508333333333;0.5;0.0533376;"ADV";1;0.01
"18ITA2014_PEC812_151";18;"ITA";2014;8;12;377.5;17.8385833333333;41.0206666666667;1;0.1056132;"ADV";3;0.03
"18ITA2014_PEC812_152";18;"ITA";2014;8;12;589.5;17.866;41.0405833333333;1;0.0988042;"ADV";2;0.1
"18ITA2014_PEC812_154";18;"ITA";2014;8;12;80;17.841;40.7549166666667;0.5;0.0502818;"ADV";4;0.05
"18ITA2014_PEC812_97";18;"ITA";2014;8;12;116.5;18.0071666666667;40.7808333333333;0.5;0.0533376;"ADV";2;0.27
"18ITA2014_PEC813_156";18;"ITA";2014;8;13;41.5;18.4821666666667;40.2359166666667;0.5;0.0487238;"ADV";20;0.05
"18ITA2014_PEC813_76";18;"ITA";2014;8;13;78.5;18.4529166666667;40.2885833333333;0.5;0.0489243;"ADV";1;0.06
"18ITA2014_PEC813_77";18;"ITA";2014;8;13;384.5;18.6179166666667;40.3685833333333;1;0.1045044;"ADV";4;0.15
"18ITA2014_PEC813_78";18;"ITA";2014;8;13;574;18.6400833333333;40.4319166666667;1;0.0988042;"ADV";3;0.03
"18ITA2014_PEC813_85";18;"ITA";2014;8;13;447;18.606;40.6606666666667;1;0.1056132;"ADV";0;0
"18ITA2014_PEC813_86";18;"ITA";2014;8;13;550;18.6218333333333;40.5863333333333;1;0.1049152;"ADV";2;0.08
"18ITA2014_PEC813_98";18;"ITA";2014;8;13;524;18.41525;40.7699166666667;1;0.1023932;"ADV";2;0.05
"18ITA2014_PEC814_157";18;"ITA";2014;8;14;110.5;18.5039166666667;40.42525;0.5;0.0533376;"ADV";0;0
"18ITA2014_PEC814_158";18;"ITA";2014;8;14;113;18.1029166666667;40.7181666666667;0.5;0.0519168;"ADV";6;0.18
"18ITA2014_PEC814_83";18;"ITA";2014;8;14;123;18.4448333333333;40.6471666666667;0.5;0.051552;"ADV";5;0.03
"18ITA2014_PEC814_84";18;"ITA";2014;8;14;117.5;18.5125833333333;40.5913333333333;0.5;0.0533376;"ADV";3;0.06
"18ITA2014_PEC814_88";18;"ITA";2014;8;14;91;18.26325;40.5965833333333;0.5;0.0502818;"ADV";2;0.015
"18ITA2014_PEC814_93";18;"ITA";2014;8;14;120;18.3565833333333;40.66875;0.5;0.0512064;"ADV";2;0.04
"18ITA2014_PEC814_95";18;"ITA";2014;8;14;121;18.2698333333333;40.7108333333333;0.5;0.0529728;"ADV";7;0.1
"18ITA2014_PEC84_109";18;"ITA";2014;8;4;43;16.5596666666667;41.2985833333333;0.5;0.0464147;"ADV";1;0.14
"18ITA2014_PEC84_112";18;"ITA";2014;8;4;57;16.551;41.3435;0.5;0.0489424;"ADV";2;0.05
"18ITA2014_PEC85_117";18;"ITA";2014;8;5;32.5;16.335;41.781;0.5;0.0457524;"ADV";2;0.21
"18ITA2014_PEC85_121";18;"ITA";2014;8;5;11;16.1613333333333;41.7155833333333;0.5;0.0497262;"ADV";3;0.13
"18ITA2014_PEC85_123";18;"ITA";2014;8;5;16;16.217;41.5853333333333;0.5;0.0487238;"ADV";1;0.04
"18ITA2014_PEC85_126";18;"ITA";2014;8;5;83.5;16.5144166666667;41.7198333333333;0.5;0.0492682;"ADV";2;0.11
"18ITA2014_PEC85_129";18;"ITA";2014;8;5;78;16.522;41.5929166666667;0.5;0.0502818;"ADV";1;0.12
"18ITA2014_PEC85_160";18;"ITA";2014;8;5;66.5;16.5035833333333;41.48025;0.5;0.0492682;"ADV";3;0.15
"18ITA2014_PEC86_100";18;"ITA";2014;8;6;39;16.7544166666667;41.1905;0.5;0.0497262;"ADV";1;0.35
"18ITA2014_PEC86_105";18;"ITA";2014;8;6;58.5;16.8301666666667;41.1850833333333;0.5;0.0469333;"ADV";2;0.35
"18ITA2014_PEC86_125";18;"ITA";2014;8;6;34;16.4134166666667;41.3830833333333;0.5;0.0497262;"ADV";2;0.12
"18ITA2014_PEC86_80";18;"ITA";2014;8;6;44.5;16.9638333333333;41.12675;0.5;0.0484016;"ADV";2;0.2
"18ITA2014_PEC87_104";18;"ITA";2014;8;7;89;17.0731666666667;41.12675;0.5;0.0502818;"ADV";2;0.03
"18ITA2014_PEC88_138";18;"ITA";2014;8;8;106.5;16.8530833333333;41.33075;0.5;0.0462144;"ADV";3;0.03
"18ITA2014_PEC88_139";18;"ITA";2014;8;8;227;16.8325833333333;41.91275;1;0.1089;"ADV";3;0.17
"18ITA2014_PEC88_146";18;"ITA";2014;8;8;170.5;16.7605833333333;41.9185833333333;0.5;0.051552;"ADV";5;0.3
"18ITA2014_PEC88_147";18;"ITA";2014;8;8;102.5;16.6935;41.7125833333333;0.5;0.0497664;"ADV";2;0.04
"18ITA2014_PEC88_148";18;"ITA";2014;8;8;106.5;16.73775;41.6188333333333;0.5;0.0518976;"ADV";3;0.03
"18ITA2014_PEC88_162";18;"ITA";2014;8;8;134;16.7196666666667;41.83175;0.5;0.0533376;"ADV";1;0.01
"18ITA2014_PEC89_143";18;"ITA";2014;8;9;575.5;17.0160833333333;41.996;1;0.1006084;"ADV";3;0.025
"18ITA2014_PEC89_144";18;"ITA";2014;8;9;608;17.0203333333333;42.0955833333333;1;0.1045466;"ADV";5;0.335
"18ITA2014_PEC89_145";18;"ITA";2014;8;9;388;16.9593333333333;42.1485;1;0.102663;"ADV";3;0.03
"18ITA2015_PEC710_154";18;"ITA";2015;7;10;77.5;17.8283333333333;40.7595833333333;0.5;0.0498126;"ADV";1;0.01
"18ITA2015_PEC710_158";18;"ITA";2015;7;10;112.5;18.1030833333333;40.7168333333333;0.5;0.0525648;"ADV";5;0.15
"18ITA2015_PEC710_83";18;"ITA";2015;7;10;122.5;18.4420833333333;40.6485;0.5;0.0508352;"ADV";3;0.06
"18ITA2015_PEC710_93";18;"ITA";2015;7;10;117.5;18.35525;40.6695833333333;0.5;0.0539748;"ADV";2;0.04
"18ITA2015_PEC710_95";18;"ITA";2015;7;10;121;18.2381666666667;40.70975;0.5;0.0532604;"ADV";0;0
"18ITA2015_PEC710_97";18;"ITA";2015;7;10;108;17.9938333333333;40.7873333333333;0.5;0.051512;"ADV";2;0.03
"18ITA2015_PEC710_98";18;"ITA";2015;7;10;525.5;18.4118333333333;40.7713333333333;1;0.1016754;"ADV";2;0.04
"18ITA2015_PEC721_109";18;"ITA";2015;7;21;42.5;16.5574166666667;41.2970833333333;0.5;0.0480594;"ADV";1;0.05
"18ITA2015_PEC721_112";18;"ITA";2015;7;21;56.5;16.561;41.3350833333333;0.5;0.0508374;"ADV";3;0.08
"18ITA2015_PEC721_125";18;"ITA";2015;7;21;35;16.405;41.39675;0.5;0.0480594;"ADV";2;0.14
"18ITA2015_PEC722_110";18;"ITA";2015;7;22;111.5;16.84075;41.4366666666667;0.5;0.0483912;"ADV";2;0.05
"18ITA2015_PEC722_116";18;"ITA";2015;7;22;545;17.16475;41.5128333333333;1;0.1027618;"ADV";10;0.54
"18ITA2015_PEC722_137";18;"ITA";2015;7;22;123.5;16.8545833333333;41.5364166666667;0.5;0.0515308;"ADV";2;0.04
"18ITA2015_PEC722_142";18;"ITA";2015;7;22;410;17.0860833333333;41.53775;1;0.1026828;"ADV";5;0.13
"18ITA2015_PEC722_147";18;"ITA";2015;7;22;105;16.699;41.6915;0.5;0.0501396;"ADV";2;0.05
"18ITA2015_PEC722_148";18;"ITA";2015;7;22;108;16.7488333333333;41.60475;0.5;0.0511736;"ADV";1;0.02
"18ITA2015_PEC723_117";18;"ITA";2015;7;23;33;16.3384166666667;41.7754166666667;0.5;0.0480594;"ADV";0;0
"18ITA2015_PEC723_121";18;"ITA";2015;7;23;10;16.16175;41.7171666666667;0.5;0.0464505;"ADV";3;0.1
"18ITA2015_PEC723_123";18;"ITA";2015;7;23;16.5;16.2208333333333;41.5784166666667;0.5;0.045499;"ADV";4;0.07
"18ITA2015_PEC723_126";18;"ITA";2015;7;23;83.5;16.5155833333333;41.7166666666667;0.5;0.048129;"ADV";3;0.02
"18ITA2015_PEC723_129";18;"ITA";2015;7;23;77.5;16.52425;41.5881666666667;0.5;0.0488061;"ADV";3;0.1
"18ITA2015_PEC723_160";18;"ITA";2015;7;23;67;16.5014166666667;41.4913333333333;0.5;0.0477813;"ADV";3;0.06
"18ITA2015_PEC724_100";18;"ITA";2015;7;24;38;16.7529166666667;41.1901666666667;0.5;0.0480594;"ADV";4;0.1
"18ITA2015_PEC724_104";18;"ITA";2015;7;24;91.5;17.0593333333333;41.1325833333333;0.5;0.048129;"ADV";0;0
"18ITA2015_PEC724_105";18;"ITA";2015;7;24;54.5;16.8271666666667;41.1823333333333;0.5;0.0508374;"ADV";5;0.2
"18ITA2015_PEC724_107";18;"ITA";2015;7;24;112.5;16.9710833333333;41.2494166666667;0.5;0.050478;"ADV";0;0
"18ITA2015_PEC724_138";18;"ITA";2015;7;24;107;16.8535833333333;41.3229166666667;0.5;0.050478;"ADV";3;0.1
"18ITA2015_PEC724_80";18;"ITA";2015;7;24;37.5;16.9555;41.1285833333333;0.5;0.0470906;"ADV";0;0
"18ITA2015_PEC727_134";18;"ITA";2015;7;27;74;17.4585833333333;40.9308333333333;0.5;0.0508374;"ADV";1;0.03
"18ITA2015_PEC727_135";18;"ITA";2015;7;27;32;17.2185;41.0144166666667;0.5;0.0480594;"ADV";1;0.03
"18ITA2015_PEC727_150";18;"ITA";2015;7;27;132;17.4778333333333;41.04275;0.5;0.0522264;"ADV";2;0.05
"18ITA2015_PEC727_161";18;"ITA";2015;7;27;120.5;17.3159166666667;41.1141666666667;0.5;0.0494252;"ADV";0;0
"18ITA2015_PEC728_101";18;"ITA";2015;7;28;60.5;17.5535;40.8718333333333;0.5;0.0508374;"ADV";0;0
"18ITA2015_PEC728_131";18;"ITA";2015;7;28;103;17.8263333333333;40.8506666666667;0.5;0.0518692;"ADV";0;0
"18ITA2015_PEC728_132";18;"ITA";2015;7;28;104.5;17.6735;40.90775;0.5;0.0515308;"ADV";4;0.105
"18ITA2015_PEC728_133";18;"ITA";2015;7;28;108.5;17.6093333333333;40.9703333333333;0.5;0.0522264;"ADV";2;0.05
"18ITA2015_PEC728_151";18;"ITA";2015;7;28;381;17.84;41.0213333333333;1;0.1074348;"ADV";2;0.05
"18ITA2015_PEC728_152";18;"ITA";2015;7;28;563.5;17.8663333333333;41.0405833333333;1;0.1034796;"ADV";2;0.015
"18ITA2015_PEC730_139";18;"ITA";2015;7;30;229.5;16.835;41.9118333333333;1;0.1070784;"ADV";0;0
"18ITA2015_PEC730_143";18;"ITA";2015;7;30;588;17.0156666666667;42.0245833333333;1;0.1013262;"ADV";2;0.05
"18ITA2015_PEC730_144";18;"ITA";2015;7;30;602;17.02225;42.1183333333333;1;0.102044;"ADV";4;0.1
"18ITA2015_PEC730_145";18;"ITA";2015;7;30;377.5;16.94975;42.1660833333333;1;0.1085436;"ADV";1;0.09
"18ITA2015_PEC730_146";18;"ITA";2015;7;30;170.5;16.7614166666667;41.919;0.5;0.051888;"ADV";0;0
"18ITA2015_PEC730_162";18;"ITA";2015;7;30;133.5;16.7185;41.8338333333333;0.5;0.0522264;"ADV";2;0.05
"18ITA2015_PEC78_156";18;"ITA";2015;7;8;36.5;18.4686666666667;40.24525;0.5;0.0480594;"ADV";1;0.05
"18ITA2015_PEC78_157";18;"ITA";2015;7;8;111.5;18.5065833333333;40.4255;0.5;0.0518692;"ADV";0;0
"18ITA2015_PEC78_76";18;"ITA";2015;7;8;79.5;18.4453333333333;40.3024166666667;0.5;0.0504897;"ADV";1;0.07
"18ITA2015_PEC78_77";18;"ITA";2015;7;8;407.5;18.61775;40.3643333333333;1;0.1070784;"ADV";1;0.02
"18ITA2015_PEC79_78";18;"ITA";2015;7;9;592;18.63975;40.4629166666667;1;0.0988042;"ADV";0;0
"18ITA2015_PEC79_84";18;"ITA";2015;7;9;119;18.5080833333333;40.6010833333333;0.5;0.049444;"ADV";0;0
"18ITA2015_PEC79_85";18;"ITA";2015;7;9;465.5;18.5393333333333;40.677;1;0.1070784;"ADV";4;0.1
"18ITA2015_PEC79_86";18;"ITA";2015;7;9;545.5;18.6139166666667;40.61925;1;0.1027618;"ADV";1;0.05
"18ITA2015_PEC79_88";18;"ITA";2015;7;9;90.5;18.2600833333333;40.5999166666667;0.5;0.0511668;"ADV";3;0.05
"18ITA2016_PEC810_133";18;"ITA";2016;8;10;109;17.59525;40.9776666666667;0.5;0.0536154;"ADV";0;0
"18ITA2016_PEC810_151";18;"ITA";2016;8;10;370.5;17.8420833333333;41.0193333333333;1;0.10592;"ADV";1;0.03
"18ITA2016_PEC810_152";18;"ITA";2016;8;10;560.5;17.8248333333333;41.0533333333333;1;0.1026828;"ADV";9;1.1
"18ITA2016_PEC810_98";18;"ITA";2016;8;10;570;18.3811666666667;40.784;1;0.100089;"ADV";4;0.06
"18ITA2016_PEC811_104";18;"ITA";2016;8;11;86.5;17.0613333333333;41.1303333333333;0.5;0.0490728;"ADV";4;0.04
"18ITA2016_PEC811_135";18;"ITA";2016;8;11;32.5;17.2219166666667;41.0138333333333;0.5;0.0480594;"ADV";2;0.16
"18ITA2016_PEC811_150";18;"ITA";2016;8;11;132.5;17.4678333333333;41.0489166666667;0.5;0.0503923;"ADV";2;0.05
"18ITA2016_PEC811_161";18;"ITA";2016;8;11;123.5;17.3019166666667;41.123;0.5;0.0511064;"ADV";2;0.05
"18ITA2016_PEC818_100";18;"ITA";2016;8;18;37;16.7510833333333;41.1914166666667;0.5;0.0474193;"ADV";2;0.07
"18ITA2016_PEC818_105";18;"ITA";2016;8;18;52.5;16.82825;41.1811666666667;0.5;0.0511152;"ADV";2;0.01
"18ITA2016_PEC818_107";18;"ITA";2016;8;18;112.5;16.9751666666667;41.247;0.5;0.0529013;"ADV";1;0.02
"18ITA2016_PEC818_80";18;"ITA";2016;8;18;37;16.9589166666667;41.1281666666667;0.5;0.0480594;"ADV";4;0.36
"18ITA2016_PEC819_139";18;"ITA";2016;8;19;226.5;16.8318333333333;41.9151666666667;1;0.11112;"ADV";0;0
"18ITA2016_PEC819_143";18;"ITA";2016;8;19;571.5;17.0160833333333;41.9914166666667;1;0.1067022;"ADV";1;0.03
"18ITA2016_PEC819_144";18;"ITA";2016;8;19;609;17.02075;42.0915;1;0.1074348;"ADV";6;0.29
"18ITA2016_PEC819_145";18;"ITA";2016;8;19;393.5;16.95875;42.1540833333333;1;0.10816;"ADV";4;0.06
"18ITA2016_PEC819_146";18;"ITA";2016;8;19;168;16.7686666666667;41.9026666666667;0.5;0.0536154;"ADV";2;0.03
"18ITA2016_PEC820_116";18;"ITA";2016;8;20;543.5;17.16825;41.5406666666667;1;0.1034154;"ADV";13;0.46
"18ITA2016_PEC820_137";18;"ITA";2016;8;20;128;16.8724166666667;41.5525;0.5;0.0536154;"ADV";2;0.1
"18ITA2016_PEC820_142";18;"ITA";2016;8;20;398;17.0898333333333;41.52625;1;0.11112;"ADV";8;0.24
"18ITA2016_PEC820_147";18;"ITA";2016;8;20;104;16.7000833333333;41.6968333333333;0.5;0.0536154;"ADV";1;0.02
"18ITA2016_PEC820_148";18;"ITA";2016;8;20;106.5;16.7485;41.6;0.5;0.0536154;"ADV";1;0.02
"18ITA2016_PEC820_162";18;"ITA";2016;8;20;132.5;16.7266666666667;41.8181666666667;0.5;0.0525346;"ADV";3;0.05
"18ITA2016_PEC821_110";18;"ITA";2016;8;21;114.5;16.8521666666667;41.4561666666667;0.5;0.0536154;"ADV";0;0
"18ITA2016_PEC821_117";18;"ITA";2016;8;21;29;16.323;41.79625;0.5;0.0480594;"ADV";1;0.05
"18ITA2016_PEC821_126";18;"ITA";2016;8;21;83;16.5088333333333;41.7364166666667;0.5;0.0507656;"ADV";2;0.03
"18ITA2016_PEC821_129";18;"ITA";2016;8;21;79;16.52275;41.6160833333333;0.5;0.0511152;"ADV";2;0.03
"18ITA2016_PEC821_138";18;"ITA";2016;8;21;107;16.8541666666667;41.3286666666667;0.5;0.0536154;"ADV";3;0.1
"18ITA2016_PEC821_160";18;"ITA";2016;8;21;66;16.5003333333333;41.4948333333333;0.5;0.0487232;"ADV";2;0.02
"18ITA2016_PEC822_121";18;"ITA";2016;8;22;10;16.1569166666667;41.7124166666667;0.5;0.0470906;"ADV";5;0.15
"18ITA2016_PEC822_123";18;"ITA";2016;8;22;18;16.2281666666667;41.56725;0.5;0.0470906;"ADV";3;0.07
"18ITA2016_PEC822_125";18;"ITA";2016;8;22;34.5;16.4096666666667;41.3895833333333;0.5;0.0480594;"ADV";2;0.02
"18ITA2016_PEC825_109";18;"ITA";2016;8;25;42.5;16.5634166666667;41.2945833333333;0.5;0.0480594;"ADV";4;0.15
"18ITA2016_PEC825_112";18;"ITA";2016;8;25;56;16.5610833333333;41.33475;0.5;0.0511152;"ADV";1;0.01
"18ITA2016_PEC86_156";18;"ITA";2016;8;6;33;18.4720833333333;40.24275;0.5;0.0480594;"ADV";1;0.02
"18ITA2016_PEC86_157";18;"ITA";2016;8;6;110;18.50675;40.4203333333333;0.5;0.052882;"ADV";2;0.01
"18ITA2016_PEC86_76";18;"ITA";2016;8;6;77.5;18.44675;40.2999166666667;0.5;0.0511152;"ADV";2;0.04
"18ITA2016_PEC86_77";18;"ITA";2016;8;6;406.5;18.61825;40.3616666666667;1;0.10778;"ADV";0;0
"18ITA2016_PEC86_78";18;"ITA";2016;8;6;545.5;18.6399166666667;40.4209166666667;1;0.1033956;"ADV";1;0.01
"18ITA2016_PEC86_88";18;"ITA";2016;8;6;90.5;18.2648333333333;40.5949166666667;0.5;0.0490544;"ADV";2;0.06
"18ITA2016_PEC87_158";18;"ITA";2016;8;7;114;18.11725;40.708;0.5;0.0536154;"ADV";2;0.03
"18ITA2016_PEC87_97";18;"ITA";2016;8;7;107;17.9943333333333;40.7873333333333;0.5;0.0536154;"ADV";0;0
"18ITA2016_PEC88_101";18;"ITA";2016;8;8;61.5;17.5381666666667;40.8800833333333;0.5;0.050416;"ADV";3;0.025
"18ITA2016_PEC88_131";18;"ITA";2016;8;8;102.5;17.8253333333333;40.8520833333333;0.5;0.0536154;"ADV";3;0.1
"18ITA2016_PEC88_132";18;"ITA";2016;8;8;103;17.6798333333333;40.9044166666667;0.5;0.0536154;"ADV";3;0.05
"18ITA2016_PEC88_134";18;"ITA";2016;8;8;71;17.46325;40.92625;0.5;0.0511152;"ADV";2;0.06
"18ITA2016_PEC88_154";18;"ITA";2016;8;8;77.5;17.8301666666667;40.7593333333333;0.5;0.0500848;"ADV";1;0.04
"18ITA2016_PEC89_83";18;"ITA";2016;8;9;123;18.4604166666667;40.6393333333333;0.5;0.0521872;"ADV";1;0.01
"18ITA2016_PEC89_84";18;"ITA";2016;8;9;116.5;18.5219166666667;40.592;0.5;0.0536154;"ADV";4;0.34
"18ITA2016_PEC89_85";18;"ITA";2016;8;9;429;18.5435;40.6713333333333;1;0.10482;"ADV";0;0
"18ITA2016_PEC89_86";18;"ITA";2016;8;9;580.5;18.6160833333333;40.6125833333333;1;0.0993564;"ADV";6;0.19
"18ITA2016_PEC89_93";18;"ITA";2016;8;9;117;18.3725833333333;40.6605833333333;0.45;0.0461077;"ADV";1;0.005
"18ITA2016_PEC89_95";18;"ITA";2016;8;9;120.5;18.2781666666667;40.707;0.5;0.0536154;"ADV";0;0
"18ITA2017_PEC1010_139";18;"ITA";2017;10;10;225.5;16.8321666666667;41.9155;1;0.1088976;"ADV";2;0.09
"18ITA2017_PEC1010_143";18;"ITA";2017;10;10;578;17.0161666666667;41.99425;1;0.1040077;"ADV";1;0.02
"18ITA2017_PEC1010_144";18;"ITA";2017;10;10;608;17.0209166666667;42.097;1;0.1022321;"ADV";1;0.06
"18ITA2017_PEC1010_145";18;"ITA";2017;10;10;392;16.9591666666667;42.15325;1;0.1038212;"ADV";0;0
"18ITA2017_PEC1010_146";18;"ITA";2017;10;10;168;16.76325;41.9125;0.5;0.051015;"ADV";0;0
"18ITA2017_PEC1011_117";18;"ITA";2017;10;11;29.5;16.3265833333333;41.7916666666667;0.5;0.047226;"ADV";1;0.02
"18ITA2017_PEC1011_126";18;"ITA";2017;10;11;82;16.5136666666667;41.725;0.5;0.0502818;"ADV";2;0.21
"18ITA2017_PEC1011_129";18;"ITA";2017;10;11;77.5;16.5243333333333;41.59125;0.5;0.0502818;"ADV";2;0.01
"18ITA2017_PEC1011_147";18;"ITA";2017;10;11;103;16.69525;41.71;0.5;0.052421;"ADV";2;0.09
"18ITA2017_PEC1011_148";18;"ITA";2017;10;11;105.5;16.73475;41.6144166666667;0.5;0.046094;"ADV";0;0
"18ITA2017_PEC1011_160";18;"ITA";2017;10;11;67;16.5015;41.49225;0.5;0.0502818;"ADV";1;0.01
"18ITA2017_PEC1011_162";18;"ITA";2017;10;11;132;16.7198333333333;41.8328333333333;0.5;0.052421;"ADV";4;0.12
"18ITA2017_PEC1012_100";18;"ITA";2017;10;12;39;16.7249166666667;41.2028333333333;0.5;0.046274;"ADV";4;0.05
"18ITA2017_PEC1012_110";18;"ITA";2017;10;12;111;16.8405833333333;41.43875;0.5;0.051376;"ADV";0;0
"18ITA2017_PEC1012_116";18;"ITA";2017;10;12;542.5;17.1660833333333;41.5108333333333;1;0.099009;"ADV";1;0.01
"18ITA2017_PEC1012_137";18;"ITA";2017;10;12;128.5;16.87375;41.5539166666667;0.5;0.052782;"ADV";1;0.01
"18ITA2017_PEC1012_138";18;"ITA";2017;10;12;105.5;16.8583333333333;41.3114166666667;0.5;0.051376;"ADV";1;0.02
"18ITA2017_PEC1012_142";18;"ITA";2017;10;12;401;17.0845833333333;41.5345833333333;1;0.1056244;"ADV";2;0.28
"18ITA2017_PEC1013_104";18;"ITA";2017;10;13;85.5;17.0724166666667;41.12725;0.5;0.0502818;"ADV";0;0
"18ITA2017_PEC1013_105";18;"ITA";2017;10;13;51;16.8323333333333;41.1794166666667;0.5;0.049594;"ADV";5;0.06
"18ITA2017_PEC1013_107";18;"ITA";2017;10;13;112;16.9885;41.2394166666667;0.5;0.052782;"ADV";1;0.02
"18ITA2017_PEC1013_135";18;"ITA";2017;10;13;35.5;17.2346666666667;41.0085833333333;0.5;0.045645;"ADV";3;0.05
"18ITA2017_PEC1013_80";18;"ITA";2017;10;13;37;16.97875;41.1214166666667;0.5;0.047226;"ADV";7;0.22
"18ITA2017_PEC1014_134";18;"ITA";2017;10;14;71.5;17.46225;40.9275;0.5;0.0502818;"ADV";3;0.04
"18ITA2017_PEC1014_150";18;"ITA";2017;10;14;129.5;17.4829166666667;41.0403333333333;0.5;0.051357;"ADV";0;0
"18ITA2017_PEC1014_161";18;"ITA";2017;10;14;119;17.3216666666667;41.1100833333333;0.5;0.052421;"ADV";6;0.16
"18ITA2017_PEC1015_132";18;"ITA";2017;10;15;102;17.666;40.9100833333333;0.5;0.050673;"ADV";4;0.05
"18ITA2017_PEC1015_133";18;"ITA";2017;10;15;106.5;17.6098333333333;40.9705;0.5;0.052421;"ADV";1;0.01
"18ITA2017_PEC1015_151";18;"ITA";2017;10;15;297;17.8695;41.0096666666667;1;0.1070748;"ADV";3;0.15
"18ITA2017_PEC1015_152";18;"ITA";2017;10;15;570.5;17.8674166666667;41.0390833333333;1;0.1043551;"ADV";3;0.08
"18ITA2017_PEC1016_101";18;"ITA";2017;10;16;60;17.5515833333333;40.8735;0.5;0.049594;"ADV";2;0.05
"18ITA2017_PEC1016_131";18;"ITA";2017;10;16;102.5;17.8314166666667;40.8494166666667;0.5;0.04997;"ADV";0;0
"18ITA2017_PEC1016_154";18;"ITA";2017;10;16;78.5;17.8474166666667;40.75325;0.5;0.0492682;"ADV";0;0
"18ITA2017_PEC1016_158";18;"ITA";2017;10;16;114;18.1186666666667;40.7071666666667;0.5;0.052782;"ADV";2;0.02
"18ITA2017_PEC1016_95";18;"ITA";2017;10;16;120;18.2815833333333;40.7051666666667;0.5;0.052782;"ADV";2;0.05
"18ITA2017_PEC1016_97";18;"ITA";2017;10;16;109.5;18.0090833333333;40.7799166666667;0.5;0.052782;"ADV";0;0
"18ITA2017_PEC1017_77";18;"ITA";2017;10;17;410;18.61875;40.3645;1;0.1045464;"ADV";2;0.5
"18ITA2017_PEC1017_78";18;"ITA";2017;10;17;571;18.64025;40.435;1;0.1014987;"ADV";3;0.1
"18ITA2017_PEC1017_85";18;"ITA";2017;10;17;441;18.5650833333333;40.6599166666667;1;0.1034488;"ADV";2;0.03
"18ITA2017_PEC1017_86";18;"ITA";2017;10;17;544.5;18.6221666666667;40.5865833333333;1;0.0965;"ADV";3;0.18
"18ITA2017_PEC1017_98";18;"ITA";2017;10;17;520.5;18.41;40.7714166666667;1;0.1004372;"ADV";1;0.04
"18ITA2017_PEC1018_156";18;"ITA";2017;10;18;34.5;18.4680833333333;40.246;0.5;0.045339;"ADV";0;0
"18ITA2017_PEC1018_157";18;"ITA";2017;10;18;109.5;18.5050833333333;40.42325;0.5;0.052421;"ADV";1;0.05
"18ITA2017_PEC1018_76";18;"ITA";2017;10;18;78.5;18.4445833333333;40.3059166666667;0.5;0.0502818;"ADV";0;0
"18ITA2017_PEC1018_83";18;"ITA";2017;10;18;122;18.4405833333333;40.64925;0.5;0.052782;"ADV";0;0
"18ITA2017_PEC1018_84";18;"ITA";2017;10;18;118;18.5071666666667;40.6015;0.5;0.052421;"ADV";2;0.05
"18ITA2017_PEC1018_88";18;"ITA";2017;10;18;90.5;18.278;40.58325;0.5;0.0492682;"ADV";4;0.11
"18ITA2017_PEC1018_93";18;"ITA";2017;10;18;117;18.35;40.6714166666667;0.5;0.052782;"ADV";1;0.28
"18ITA2017_PEC109_109";18;"ITA";2017;10;9;41.5;16.5444166666667;41.3083333333333;0.5;0.047226;"ADV";1;0.005
"18ITA2017_PEC109_112";18;"ITA";2017;10;9;54;16.5684166666667;41.3248333333333;0.5;0.0502818;"ADV";1;0.05
"18ITA2017_PEC109_121";18;"ITA";2017;10;9;10;16.1736666666667;41.7230833333333;0.5;0.047226;"ADV";4;0.49
"18ITA2017_PEC109_123";18;"ITA";2017;10;9;16;16.21925;41.5818333333333;0.5;0.047226;"ADV";0;0
"18ITA2017_PEC109_125";18;"ITA";2017;10;9;34;16.4039166666667;41.3968333333333;0.5;0.047226;"ADV";3;0.09
"18ITA2018_MIZ714_109";18;"ITA";2018;7;14;42;16.5588333333333;41.2974166666667;0.5;0.0461148;"ADV";2;0.05
"18ITA2018_MIZ714_112";18;"ITA";2018;7;14;55.5;16.5475833333333;41.3443333333333;0.5;0.0497262;"ADV";0;0
"18ITA2018_MIZ714_123";18;"ITA";2018;7;14;18;16.2233333333333;41.5803333333333;0.5;0.0485384;"ADV";2;0.05
"18ITA2018_MIZ715_139";18;"ITA";2018;7;15;226;16.8315;41.9109166666667;1;0.1088976;"ADV";0;0
"18ITA2018_MIZ715_143";18;"ITA";2018;7;15;592;17.0173333333333;41.9925833333333;1;0.0992064;"ADV";3;0.02
"18ITA2018_MIZ715_144";18;"ITA";2018;7;15;614.5;17.0214166666667;42.0900833333333;1;0.0981504;"ADV";5;0.03
"18ITA2018_MIZ715_145";18;"ITA";2018;7;15;403.5;16.9588333333333;42.1563333333333;1;0.1087604;"ADV";2;0.05
"18ITA2018_MIZ715_146";18;"ITA";2018;7;15;171;16.76175;41.9183333333333;0.5;0.0516708;"ADV";3;0.05
"18ITA2018_MIZ716_117";18;"ITA";2018;7;16;32;16.3321666666667;41.7853333333333;0.5;0.0461148;"ADV";12;0.3
"18ITA2018_MIZ716_121";18;"ITA";2018;7;16;10;16.1566666666667;41.7124166666667;0.5;0.048638;"ADV";3;0.15
"18ITA2018_MIZ716_129";18;"ITA";2018;7;16;79.5;16.5243333333333;41.5975;0.5;0.0447858;"ADV";3;0.15
"18ITA2018_MIZ719_125";18;"ITA";2018;7;19;36;16.40625;41.39775;0.5;0.0440232;"ADV";3;0.15
"18ITA2018_MIZ719_126";18;"ITA";2018;7;19;83;16.5118333333333;41.73225;0.5;0.0453228;"ADV";3;0.05
"18ITA2018_MIZ719_147";18;"ITA";2018;7;19;104.5;16.6964166666667;41.6989166666667;0.5;0.0541074;"ADV";1;0.005
"18ITA2018_MIZ719_160";18;"ITA";2018;7;19;68;16.4984166666667;41.49925;0.5;0.0502811;"ADV";1;0.01
"18ITA2018_MIZ719_162";18;"ITA";2018;7;19;135;16.72625;41.8215833333333;0.5;0.0535308;"ADV";2;0.03
"18ITA2018_MIZ720_110";18;"ITA";2018;7;20;109.5;16.8354166666667;41.4365;0.5;0.0524334;"ADV";5;0.07
"18ITA2018_MIZ720_116";18;"ITA";2018;7;20;533;17.16275;41.5060833333333;1;0.0988992;"ADV";2;0.44
"18ITA2018_MIZ720_137";18;"ITA";2018;7;20;136;16.8835;41.565;0.5;0.0528426;"ADV";0;0
"18ITA2018_MIZ720_142";18;"ITA";2018;7;20;403.5;17.0865;41.532;1;0.103978;"ADV";1;0.05
"18ITA2018_MIZ720_148";18;"ITA";2018;7;20;107.5;16.7426666666667;41.60625;0.5;0.048732;"ADV";2;0.045
"18ITA2018_MIZ721_100";18;"ITA";2018;7;21;42;16.7565833333333;41.19275;0.5;0.0441394;"ADV";0;0
"18ITA2018_MIZ721_104";18;"ITA";2018;7;21;90.5;17.0650833333333;41.12925;0.5;0.0490281;"ADV";2;0.03
"18ITA2018_MIZ721_105";18;"ITA";2018;7;21;56;16.8220833333333;41.1845;0.5;0.0476677;"ADV";2;0.09
"18ITA2018_MIZ721_107";18;"ITA";2018;7;21;113.5;16.9849166666667;41.2415;0.5;0.0537726;"ADV";3;0.15
"18ITA2018_MIZ721_135";18;"ITA";2018;7;21;38;17.231;41.01275;0.5;0.0485716;"ADV";4;0.06
"18ITA2018_MIZ721_138";18;"ITA";2018;7;21;107;16.85725;41.3180833333333;0.5;0.0521358;"ADV";0;0
"18ITA2018_MIZ721_80";18;"ITA";2018;7;21;41.5;16.9538333333333;41.1306666666667;0.5;0.0454176;"ADV";4;0.05
"18ITA2018_MIZ722_134";18;"ITA";2018;7;22;75;17.4546666666667;40.9335;0.5;0.0482763;"ADV";4;0.1
"18ITA2018_MIZ722_151";18;"ITA";2018;7;22;369.5;17.8441666666667;41.0196666666667;1;0.1062124;"ADV";2;0.05
"18ITA2018_MIZ722_152";18;"ITA";2018;7;22;597.5;17.85925;41.0411666666667;1;0.0999744;"ADV";0;0
"18ITA2018_MIZ722_161";18;"ITA";2018;7;22;121.5;17.3178333333333;41.1135;0.5;0.0520986;"ADV";4;0.035
"18ITA2018_MIZ723_150";18;"ITA";2018;7;23;135;17.4830833333333;41.0405;0.5;0.0499224;"ADV";1;0.1
"18ITA2018_MIZ726_101";18;"ITA";2018;7;26;63.5;17.5396666666667;40.8805;0.5;0.0507107;"ADV";1;0.03
"18ITA2018_MIZ726_131";18;"ITA";2018;7;26;103;17.8193333333333;40.8544166666667;0.5;0.0535494;"ADV";2;0.06
"18ITA2018_MIZ726_132";18;"ITA";2018;7;26;104;17.6729166666667;40.906;0.5;0.0540516;"ADV";3;0.12
"18ITA2018_MIZ726_133";18;"ITA";2018;7;26;110.5;17.5965;40.9768333333333;0.5;0.0557814;"ADV";0;0
"18ITA2018_MIZ726_154";18;"ITA";2018;7;26;80;17.8289166666667;40.7608333333333;0.5;0.0487238;"ADV";7;0.07
"18ITA2018_MIZ726_97";18;"ITA";2018;7;26;108.5;18.00325;40.7820833333333;0.5;0.0553164;"ADV";1;0.02
"18ITA2018_MIZ727_158";18;"ITA";2018;7;27;113;18.1075833333333;40.7154166666667;0.5;0.051429;"ADV";4;0.19
"18ITA2018_MIZ727_83";18;"ITA";2018;7;27;124.5;18.4406666666667;40.64975;0.5;0.0553536;"ADV";3;0.05
"18ITA2018_MIZ727_88";18;"ITA";2018;7;27;91.5;18.2663333333333;40.5929166666667;0.5;0.0515878;"ADV";0;0
"18ITA2018_MIZ727_93";18;"ITA";2018;7;27;119.5;18.3605;40.66675;0.5;0.055335;"ADV";0;0
"18ITA2018_MIZ727_95";18;"ITA";2018;7;27;119.5;18.2736666666667;40.70975;0.5;0.0556698;"ADV";2;0.05
"18ITA2018_MIZ727_98";18;"ITA";2018;7;27;565;18.4091666666667;40.77275;1;0.0994176;"ADV";3;0.08
"18ITA2018_MIZ731_156";18;"ITA";2018;7;31;41;18.4683333333333;40.2463333333333;0.5;0.0481068;"ADV";4;0.08
"18ITA2018_MIZ731_77";18;"ITA";2018;7;31;361;18.6184166666667;40.3869166666667;1;0.1066828;"ADV";2;0.02
"18ITA2018_MIZ731_78";18;"ITA";2018;7;31;585;18.6400833333333;40.4573333333333;1;0.1004544;"ADV";1;0.02
"18ITA2018_MIZ731_85";18;"ITA";2018;7;31;427.5;18.541;40.67725;1;0.1058008;"ADV";3;0.03
"18ITA2018_MIZ731_86";18;"ITA";2018;7;31;582.5;18.6156666666667;40.61225;1;0.100896;"ADV";3;0.05
"18ITA2018_MIZ81_157";18;"ITA";2018;8;1;112;18.5126666666667;40.4124166666667;0.5;0.0546654;"ADV";1;0.02
"18ITA2018_MIZ81_76";18;"ITA";2018;8;1;79;18.4528333333333;40.2893333333333;0.5;0.0532704;"ADV";2;0.02
"18ITA2018_MIZ81_84";18;"ITA";2018;8;1;118;18.52125;40.58275;0.5;0.05487;"ADV";2;0.02
"18ITA2019_MIZ622_109";18;"ITA";2019;6;22;43;16.5604166666667;41.29625;0.5;0.0464475;"ADV";2;0.05
"18ITA2019_MIZ622_125";18;"ITA";2019;6;22;35.5;16.4060833333333;41.3960833333333;0.5;0.04521;"ADV";2;0.17
"18ITA2019_MIZ622_129";18;"ITA";2019;6;22;78;16.5225;41.6069166666667;0.5;0.050799;"ADV";4;0.14
"18ITA2019_MIZ622_147";18;"ITA";2019;6;22;104.5;16.6988333333333;41.6988333333333;0.5;0.052762;"ADV";2;0.01
"18ITA2019_MIZ622_148";18;"ITA";2019;6;22;107.5;16.741;41.61075;0.5;0.050024;"ADV";1;0.05
"18ITA2019_MIZ623_112";18;"ITA";2019;6;23;56;16.5560833333333;41.3361666666667;0.5;0.048498;"ADV";4;0.03
"18ITA2019_MIZ623_117";18;"ITA";2019;6;23;34;16.3285;41.7890833333333;0.5;0.0464475;"ADV";3;0.08
"18ITA2019_MIZ623_121";18;"ITA";2019;6;23;10.5;16.15875;41.7130833333333;0.5;0.047058;"ADV";3;0.03
"18ITA2019_MIZ623_123";18;"ITA";2019;6;23;19.5;16.2246666666667;41.5729166666667;0.5;0.0476685;"ADV";9;0.23
"18ITA2019_MIZ623_126";18;"ITA";2019;6;23;82.5;16.5115833333333;41.7235833333333;0.5;0.0491706;"ADV";2;0.03
"18ITA2019_MIZ623_160";18;"ITA";2019;6;23;68;16.5005;41.4929166666667;0.5;0.0491706;"ADV";2;0.03
"18ITA2019_MIZ625_110";18;"ITA";2019;6;25;114.5;16.8461666666667;41.45725;0.5;0.0520775;"ADV";4;0.1
"18ITA2019_MIZ625_116";18;"ITA";2019;6;25;554.5;17.1705833333333;41.5341666666667;1;0.0938007;"ADV";2;0.3
"18ITA2019_MIZ625_137";18;"ITA";2019;6;25;132;16.8775;41.5564166666667;0.5;0.054131;"ADV";2;0.03
"18ITA2019_MIZ625_138";18;"ITA";2019;6;25;107;16.8554166666667;41.3205;0.5;0.0524105;"ADV";3;0.03
"18ITA2019_MIZ625_142";18;"ITA";2019;6;25;402;17.0890833333333;41.52825;1;0.1025795;"ADV";4;0.09
"18ITA2019_MIZ626_139";18;"ITA";2019;6;26;228;16.8289166666667;41.9226666666667;1;0.1079449;"ADV";5;0.1
"18ITA2019_MIZ626_143";18;"ITA";2019;6;26;574;17.0156666666667;41.9930833333333;1;0.099414;"ADV";1;0.05
"18ITA2019_MIZ626_144";18;"ITA";2019;6;26;614.5;17.02225;42.0969166666667;1;0.0976563;"ADV";3;0.04
"18ITA2019_MIZ626_145";18;"ITA";2019;6;26;401;16.9581666666667;42.1575;1;0.1032936;"ADV";2;0.11
"18ITA2019_MIZ626_146";18;"ITA";2019;6;26;168;16.7663333333333;41.9065833333333;0.5;0.051393;"ADV";0;0
"18ITA2019_MIZ626_162";18;"ITA";2019;6;26;133;16.72275;41.82475;0.5;0.051393;"ADV";3;0.02
"18ITA2019_MIZ627_100";18;"ITA";2019;6;27;39;16.7483333333333;41.1925;0.5;0.044913;"ADV";2;0.05
"18ITA2019_MIZ627_104";18;"ITA";2019;6;27;89;17.07275;41.1265833333333;0.5;0.050799;"ADV";0;0
"18ITA2019_MIZ627_105";18;"ITA";2019;6;27;53.5;16.8219166666667;41.1833333333333;0.5;0.0517902;"ADV";8;0.13
"18ITA2019_MIZ627_107";18;"ITA";2019;6;27;113.5;16.9875833333333;41.2405;0.5;0.0510415;"ADV";3;0.03
"18ITA2019_MIZ627_150";18;"ITA";2019;6;27;132;17.4738333333333;41.0444166666667;0.5;0.050024;"ADV";1;0.03
"18ITA2019_MIZ627_161";18;"ITA";2019;6;27;118.5;17.3165;41.1134166666667;0.5;0.0524105;"ADV";6;0.4
"18ITA2019_MIZ627_80";18;"ITA";2019;6;27;39;16.96;41.1278333333333;0.5;0.0491865;"ADV";1;0.01
"18ITA2019_MIZ628_101";18;"ITA";2019;6;28;62;17.54175;40.878;0.5;0.0491706;"ADV";4;0.09
"18ITA2019_MIZ628_132";18;"ITA";2019;6;28;104;17.671;40.9083333333333;0.5;0.051726;"ADV";2;0.06
"18ITA2019_MIZ628_134";18;"ITA";2019;6;28;73.5;17.4556666666667;40.9328333333333;0.5;0.050799;"ADV";2;0.1
"18ITA2019_MIZ628_135";18;"ITA";2019;6;28;34.5;17.225;41.0131666666667;0.5;0.0452265;"ADV";0;0
"18ITA2019_MIZ74_131";18;"ITA";2019;7;4;105;17.8125833333333;40.85525;0.5;0.051726;"ADV";1;0.02
"18ITA2019_MIZ74_133";18;"ITA";2019;7;4;108.5;17.6029166666667;40.9705833333333;0.5;0.0534465;"ADV";0;0
"18ITA2019_MIZ74_151";18;"ITA";2019;7;4;322.5;17.8585833333333;41.0128333333333;1;0.1050885;"ADV";0;0
"18ITA2019_MIZ74_152";18;"ITA";2019;7;4;544.5;17.8486666666667;41.046;1;0.1001133;"ADV";2;0.06
"18ITA2019_MIZ74_154";18;"ITA";2019;7;4;80;17.8330833333333;40.75825;0.5;0.0501441;"ADV";1;0.07
"18ITA2019_MIZ74_97";18;"ITA";2019;7;4;109;17.9918333333333;40.7884166666667;0.5;0.0534465;"ADV";1;0.01
"18ITA2019_MIZ75_158";18;"ITA";2019;7;5;112.5;18.1095;40.71375;0.5;0.054131;"ADV";1;0.1
"18ITA2019_MIZ75_85";18;"ITA";2019;7;5;437.5;18.5601666666667;40.6635;1;0.1079449;"ADV";1;0.02
"18ITA2019_MIZ75_88";18;"ITA";2019;7;5;91.5;18.26925;40.59075;0.5;0.0508167;"ADV";2;0.05
"18ITA2019_MIZ75_93";18;"ITA";2019;7;5;119.5;18.3650833333333;40.6640833333333;0.5;0.0531135;"ADV";4;0.23
"18ITA2019_MIZ75_95";18;"ITA";2019;7;5;121;18.2684166666667;40.71075;0.5;0.0531135;"ADV";3;0.02
"18ITA2019_MIZ75_98";18;"ITA";2019;7;5;583.5;18.3963333333333;40.777;1;0.1025514;"ADV";7;0.12
"18ITA2019_MIZ76_156";18;"ITA";2019;7;6;38;18.4739166666667;40.241;0.5;0.0473715;"ADV";0;0
"18ITA2019_MIZ76_157";18;"ITA";2019;7;6;110;18.5118333333333;40.41075;0.5;0.052762;"ADV";11;0.2
"18ITA2019_MIZ76_76";18;"ITA";2019;7;6;79.5;18.4465;40.3005833333333;0.5;0.0527814;"ADV";0;0
"18ITA2019_MIZ76_77";18;"ITA";2019;7;6;391;18.61825;40.3770833333333;1;0.1079449;"ADV";7;0.04
"18ITA2019_MIZ76_78";18;"ITA";2019;7;6;561;18.6404166666667;40.4488333333333;1;0.1042902;"ADV";3;0.02
"18ITA2019_MIZ76_86";18;"ITA";2019;7;6;596.5;18.61725;40.6105833333333;1;0.1004535;"ADV";5;0.09
"18ITA2019_MIZ77_83";18;"ITA";2019;7;7;124.5;18.4545;40.6421666666667;0.5;0.0524105;"ADV";2;0.02
"18ITA2019_MIZ77_84";18;"ITA";2019;7;7;118.5;18.5143333333333;40.5896666666667;0.5;0.0534465;"ADV";1;0.01
"18ITA2020_MIZ1110_83";18;"ITA";2020;11;10;122.5;18.4526666666667;40.6436666666667;0.5;0.0522264;"ADV";1;0.03
"18ITA2020_MIZ1110_84";18;"ITA";2020;11;10;118.5;18.5135;40.5909166666667;0.5;0.0522264;"ADV";0;0
"18ITA2020_MIZ1110_85";18;"ITA";2020;11;10;462.5;18.542;40.6765833333333;1;0.1076211;"ADV";3;0.12
"18ITA2020_MIZ1110_86";18;"ITA";2020;11;10;588;18.6169166666667;40.6119166666667;1;0.1018654;"ADV";1;0.2
"18ITA2020_MIZ1110_88";18;"ITA";2020;11;10;90.5;18.2704166666667;40.591;0.5;0.0497262;"ADV";4;0.05
"18ITA2020_MIZ1111_133";18;"ITA";2020;11;11;110.5;17.603;40.97475;0.5;0.0515308;"ADV";0;0
"18ITA2020_MIZ1111_134";18;"ITA";2020;11;11;74.5;17.4579166666667;40.9314166666667;0.5;0.0500484;"ADV";0;0
"18ITA2020_MIZ1111_150";18;"ITA";2020;11;11;133;17.4725;41.0461666666667;0.5;0.0483912;"ADV";0;0
"18ITA2020_MIZ1111_151";18;"ITA";2020;11;11;361;17.8483333333333;41.0178333333333;1;0.1058087;"ADV";1;0.01
"18ITA2020_MIZ1111_152";18;"ITA";2020;11;11;560.5;17.8381666666667;41.0506666666667;1;0.1043744;"ADV";0;0
"18ITA2020_MIZ1112_104";18;"ITA";2020;11;12;91.5;17.06475;41.12975;0.5;0.0487238;"ADV";2;0.01
"18ITA2020_MIZ1112_107";18;"ITA";2020;11;12;113;16.98025;41.2445;0.5;0.0515308;"ADV";3;0.04
"18ITA2020_MIZ1112_135";18;"ITA";2020;11;12;34;17.22025;41.0145;0.5;0.047292;"ADV";1;0.01
"18ITA2020_MIZ1112_138";18;"ITA";2020;11;12;107;16.85425;41.3251666666667;0.5;0.052922;"ADV";3;0.08
"18ITA2020_MIZ1112_161";18;"ITA";2020;11;12;124;17.3069166666667;41.1200833333333;0.5;0.0501396;"ADV";3;0.07
"18ITA2020_MIZ1112_80";18;"ITA";2020;11;12;38;16.95525;41.1288333333333;0.5;0.0469728;"ADV";3;0.06
"18ITA2020_MIZ1113_110";18;"ITA";2020;11;13;113;16.8405;41.4441666666667;0.5;0.0525648;"ADV";1;0.01
"18ITA2020_MIZ1113_116";18;"ITA";2020;11;13;551;17.1670833333333;41.53575;1;0.0993564;"ADV";8;0.12
"18ITA2020_MIZ1113_137";18;"ITA";2020;11;13;132;16.87725;41.5570833333333;0.5;0.0532604;"ADV";2;0.04
"18ITA2020_MIZ1113_142";18;"ITA";2020;11;13;405.5;17.08525;41.53375;1;0.1050798;"ADV";3;0.1
"18ITA2020_MIZ1113_148";18;"ITA";2020;11;13;108;16.7433333333333;41.6093333333333;0.5;0.0515308;"ADV";2;0.03
"18ITA2020_MIZ1114_139";18;"ITA";2020;11;14;229;16.83175;41.91925;1;0.1101821;"ADV";1;0.4
"18ITA2020_MIZ1114_143";18;"ITA";2020;11;14;574;17.0154166666667;42.00025;1;0.1029269;"ADV";0;0
"18ITA2020_MIZ1114_144";18;"ITA";2020;11;14;610.5;17.0219166666667;42.0986666666667;1;0.099009;"ADV";4;0.04
"18ITA2020_MIZ1114_145";18;"ITA";2020;11;14;395.5;16.9546666666667;42.1603333333333;1;0.1050798;"ADV";2;0.1
"18ITA2020_MIZ1114_146";18;"ITA";2020;11;14;170;16.76225;41.9168333333333;0.5;0.0518692;"ADV";3;0.05
"18ITA2020_MIZ1115_117";18;"ITA";2020;11;15;31.5;16.3290833333333;41.7881666666667;0.5;0.0457296;"ADV";1;0.03
"18ITA2020_MIZ1115_121";18;"ITA";2020;11;15;10;16.1578333333333;41.713;0.5;0.045108;"ADV";3;0.2
"18ITA2020_MIZ1115_123";18;"ITA";2020;11;15;17;16.2195833333333;41.5810833333333;0.5;0.0466704;"ADV";1;0.02
"18ITA2020_MIZ1115_126";18;"ITA";2020;11;15;83;16.5118333333333;41.727;0.5;0.0493861;"ADV";2;0.05
"18ITA2020_MIZ1115_147";18;"ITA";2020;11;15;104.5;16.69775;41.70375;0.5;0.052922;"ADV";4;0.1
"18ITA2020_MIZ1115_162";18;"ITA";2020;11;15;134.5;16.7236666666667;41.8250833333333;0.5;0.0539748;"ADV";1;0.05
"18ITA2020_MIZ1116_100";18;"ITA";2020;11;16;40;16.7476666666667;41.1933333333333;0.5;0.0466704;"ADV";1;0.02
"18ITA2020_MIZ1116_105";18;"ITA";2020;11;16;55;16.8240833333333;41.1831666666667;0.5;0.0497262;"ADV";2;0.05
"18ITA2020_MIZ1116_109";18;"ITA";2020;11;16;43.5;16.5680833333333;41.29125;0.5;0.0490639;"ADV";0;0
"18ITA2020_MIZ1116_112";18;"ITA";2020;11;16;57;16.5581666666667;41.33725;0.5;0.0497262;"ADV";2;0.05
"18ITA2020_MIZ1116_125";18;"ITA";2020;11;16;35.5;16.4076666666667;41.39275;0.5;0.0466704;"ADV";1;0.02
"18ITA2020_MIZ1116_129";18;"ITA";2020;11;16;79;16.5228333333333;41.6019166666667;0.5;0.0497262;"ADV";1;0.03
"18ITA2020_MIZ1116_160";18;"ITA";2020;11;16;68;16.50075;41.4939166666667;0.5;0.0497262;"ADV";1;0.02
"18ITA2020_MIZ112_158";18;"ITA";2020;11;2;113;18.1078333333333;40.7160833333333;0.5;0.051512;"ADV";2;0.02
"18ITA2020_MIZ112_93";18;"ITA";2020;11;2;119.5;18.3595833333333;40.6680833333333;0.5;0.052922;"ADV";2;0.03
"18ITA2020_MIZ112_95";18;"ITA";2020;11;2;120;18.2708333333333;40.7106666666667;0.5;0.050478;"ADV";2;0.02
"18ITA2020_MIZ112_98";18;"ITA";2020;11;2;529.5;18.4106666666667;40.7729166666667;1;0.1032936;"ADV";2;0.05
"18ITA2020_MIZ117_156";18;"ITA";2020;11;7;39.5;18.47325;40.24375;0.5;0.0463512;"ADV";0;0
"18ITA2020_MIZ117_157";18;"ITA";2020;11;7;112;18.5085833333333;40.4190833333333;0.5;0.0522264;"ADV";3;0.01
"18ITA2020_MIZ117_76";18;"ITA";2020;11;7;81;18.4495833333333;40.2983333333333;0.5;0.0493861;"ADV";0;0
"18ITA2020_MIZ117_77";18;"ITA";2020;11;7;386.5;18.6191666666667;40.3826666666667;1;0.1068922;"ADV";0;0
"18ITA2020_MIZ117_78";18;"ITA";2020;11;7;560;18.6408333333333;40.4505;1;0.1008039;"ADV";0;0
"18ITA2020_MIZ118_101";18;"ITA";2020;11;8;62;17.5431666666667;40.8779166666667;0.5;0.0487238;"ADV";2;0.08
"18ITA2020_MIZ118_131";18;"ITA";2020;11;8;104;17.8184166666667;40.8555;0.5;0.0518692;"ADV";1;0.05
"18ITA2020_MIZ118_132";18;"ITA";2020;11;8;105;17.6721666666667;40.9093333333333;0.5;0.0525648;"ADV";2;0.01
"18ITA2020_MIZ118_154";18;"ITA";2020;11;8;79;17.8318333333333;40.7593333333333;0.5;0.0500484;"ADV";4;0.31
"18ITA2020_MIZ118_97";18;"ITA";2020;11;8;109;17.9921666666667;40.7899166666667;0.5;0.0511736;"ADV";1;0.12
"18ITA2021_MIZ816_109";18;"ITA";2021;8;16;42;16.56675;41.2919166666667;0.5;0.0473432;"ADV";4;0.09
"18ITA2021_MIZ816_112";18;"ITA";2021;8;16;57;16.5549166666667;41.3399166666667;0.5;0.0477214;"ADV";2;0.01
"18ITA2021_MIZ816_125";18;"ITA";2021;8;16;35.5;16.40675;41.3964166666667;0.5;0.0448864;"ADV";4;0.05
"18ITA2021_MIZ816_160";18;"ITA";2021;8;16;68;16.502;41.4949166666667;0.5;0.0493861;"ADV";1;0.02
"18ITA2021_MIZ817_100";18;"ITA";2021;8;17;39;16.7445833333333;41.1955;0.5;0.0457994;"ADV";5;0.09
"18ITA2021_MIZ817_105";18;"ITA";2021;8;17;54.5;16.8178333333333;41.1865;0.5;0.0503885;"ADV";2;0.01
"18ITA2021_MIZ817_107";18;"ITA";2021;8;17;113;16.9895833333333;41.2409166666667;0.5;0.053382;"ADV";1;0.02
"18ITA2021_MIZ817_138";18;"ITA";2021;8;17;106.5;16.85725;41.3179166666667;0.5;0.0530472;"ADV";2;0.04
"18ITA2021_MIZ817_80";18;"ITA";2021;8;17;38;16.9559166666667;41.1301666666667;0.5;0.049046;"ADV";0;0
"18ITA2021_MIZ818_117";18;"ITA";2021;8;18;31;16.3288333333333;41.79075;0.5;0.0461148;"ADV";4;0.12
"18ITA2021_MIZ818_121";18;"ITA";2021;8;18;11;16.1601666666667;41.7143333333333;0.5;0.046729;"ADV";0;0
"18ITA2021_MIZ818_123";18;"ITA";2021;8;18;16.5;16.21875;41.5844166666667;0.5;0.046729;"ADV";3;0.08
"18ITA2021_MIZ820_139";18;"ITA";2021;8;20;228;16.82975;41.9235833333333;1;0.1094145;"ADV";0;0
"18ITA2021_MIZ820_143";18;"ITA";2021;8;20;574.5;17.0160833333333;41.997;1;0.1032928;"ADV";1;0.01
"18ITA2021_MIZ820_144";18;"ITA";2021;8;20;615.5;17.0221666666667;42.0965833333333;1;0.1015165;"ADV";4;0.05
"18ITA2021_MIZ820_145";18;"ITA";2021;8;20;397.5;16.9593333333333;42.1564166666667;1;0.104013;"ADV";2;0.02
"18ITA2021_MIZ820_146";18;"ITA";2021;8;20;170;16.7635;41.9150833333333;0.5;0.0520056;"ADV";0;0
"18ITA2021_MIZ820_162";18;"ITA";2021;8;20;134;16.72275;41.8279166666667;0.5;0.0530472;"ADV";1;0.02
"18ITA2021_MIZ821_126";18;"ITA";2021;8;21;83;16.5131666666667;41.7254166666667;0.5;0.0487238;"ADV";1;0.05
"18ITA2021_MIZ821_129";18;"ITA";2021;8;21;78;16.524;41.6049166666667;0.5;0.0500484;"ADV";0;0
"18ITA2021_MIZ821_147";18;"ITA";2021;8;21;103.5;16.6979166666667;41.70575;0.5;0.0509826;"ADV";1;0.01
"18ITA2021_MIZ822_110";18;"ITA";2021;8;22;112;16.8424166666667;41.4469166666667;0.5;0.0516708;"ADV";5;0.2
"18ITA2021_MIZ822_116";18;"ITA";2021;8;22;549.5;17.1683333333333;41.51525;1;0.0997402;"ADV";3;0.1
"18ITA2021_MIZ822_137";18;"ITA";2021;8;22;130;16.8765;41.55575;0.5;0.0516708;"ADV";1;0.01
"18ITA2021_MIZ822_142";18;"ITA";2021;8;22;401.5;17.0858333333333;41.5333333333333;1;0.102921;"ADV";1;0.03
"18ITA2021_MIZ822_148";18;"ITA";2021;8;22;107.5;16.7460833333333;41.6101666666667;0.5;0.0520056;"ADV";2;0.08
"18ITA2021_MIZ823_104";18;"ITA";2021;8;23;91.5;17.07125;41.1295;0.5;0.0517131;"ADV";4;0.02
"18ITA2021_MIZ823_133";18;"ITA";2021;8;23;105;17.6006666666667;40.9756666666667;0.5;0.0506292;"ADV";1;0.01
"18ITA2021_MIZ823_134";18;"ITA";2021;8;23;73.5;17.4576666666667;40.9320833333333;0.5;0.0490639;"ADV";8;0.07
"18ITA2021_MIZ823_135";18;"ITA";2021;8;23;35;17.2285833333333;41.0125;0.5;0.0461148;"ADV";1;0.01
"18ITA2021_MIZ823_150";18;"ITA";2021;8;23;135.5;17.4715;41.0485833333333;0.5;0.049941;"ADV";1;0.02
"18ITA2021_MIZ823_161";18;"ITA";2021;8;23;124.5;17.3096666666667;41.1194166666667;0.5;0.0533634;"ADV";10;0.18
"18ITA2021_MIZ824_101";18;"ITA";2021;8;24;62;17.5438333333333;40.8785833333333;0.5;0.0493861;"ADV";4;0.01
"18ITA2021_MIZ824_131";18;"ITA";2021;8;24;103;17.8204166666667;40.8551666666667;0.5;0.0509826;"ADV";7;0.15
"18ITA2021_MIZ824_132";18;"ITA";2021;8;24;104;17.6695;40.91025;0.5;0.052359;"ADV";1;0.01
"18ITA2021_MIZ824_151";18;"ITA";2021;8;24;302.5;17.861;41.01325;1;0.1047345;"ADV";8;0.17
"18ITA2021_MIZ824_152";18;"ITA";2021;8;24;602.5;17.8615;41.0426666666667;1;0.1011727;"ADV";4;0.04
"18ITA2021_MIZ824_154";18;"ITA";2021;8;24;80;17.8403333333333;40.7564166666667;0.5;0.0500484;"ADV";6;0.04
"18ITA2021_MIZ827_156";18;"ITA";2021;8;27;40.5;18.4741666666667;40.2431666666667;0.5;0.0470278;"ADV";1;0.01
"18ITA2021_MIZ827_157";18;"ITA";2021;8;27;111;18.5093333333333;40.4183333333333;0.5;0.049941;"ADV";3;0.05
"18ITA2021_MIZ827_76";18;"ITA";2021;8;27;79;18.4493333333333;40.2978333333333;0.5;0.0500484;"ADV";0;0
"18ITA2021_MIZ827_77";18;"ITA";2021;8;27;404;18.6211666666667;40.3721666666667;1;0.1065285;"ADV";0;0
"18ITA2021_MIZ827_78";18;"ITA";2021;8;27;567.5;18.6413333333333;40.4309166666667;1;0.1015165;"ADV";0;0
"18ITA2021_MIZ827_84";18;"ITA";2021;8;27;119.5;18.5176666666667;40.5874166666667;0.5;0.0506292;"ADV";1;0.02
"18ITA2021_MIZ828_83";18;"ITA";2021;8;28;124.5;18.45175;40.6455833333333;0.5;0.0520056;"ADV";1;0.01
"18ITA2021_MIZ828_85";18;"ITA";2021;8;28;431.5;18.5476666666667;40.6745;1;0.1036425;"ADV";3;0.02
"18ITA2021_MIZ828_86";18;"ITA";2021;8;28;579.5;18.6175833333333;40.614;1;0.097983;"ADV";5;0.06
"18ITA2021_MIZ828_88";18;"ITA";2021;8;28;91.5;18.2723333333333;40.59025;0.5;0.0490639;"ADV";3;0.02
"18ITA2021_MIZ828_93";18;"ITA";2021;8;28;118.5;18.3619166666667;40.6668333333333;0.5;0.0506292;"ADV";0;0
"18ITA2021_MIZ830_158";18;"ITA";2021;8;30;112.5;18.1145;40.71125;0.5;0.0502758;"ADV";2;0.33
"18ITA2021_MIZ830_95";18;"ITA";2021;8;30;121;18.2751666666667;40.7090833333333;0.5;0.0502944;"ADV";1;0.01
"18ITA2021_MIZ830_97";18;"ITA";2021;8;30;108.5;18.0031666666667;40.78275;0.5;0.0537354;"ADV";1;0.02
"18ITA2021_MIZ830_98";18;"ITA";2021;8;30;578;18.4016666666667;40.7756666666667;1;0.0990526;"ADV";1;0.02
"18ITA2023_MIZ81_104";18;"ITA";2023;8;1;90;17.0688333333333;41.1283333333333;0.5;0.0483372;"ADV";2;0.05
"18ITA2023_MIZ81_105";18;"ITA";2023;8;1;55;16.8290833333333;41.1815;0.583333333333333;0.0483372;"ADV";2;0.03
"18ITA2023_MIZ81_107";18;"ITA";2023;8;1;114;16.9863333333333;41.2410833333333;0.5;0.0508374;"ADV";0;0
"18ITA2023_MIZ81_161";18;"ITA";2023;8;1;122;17.3165833333333;41.1145;0.5;0.0508374;"ADV";3;0.05
"18ITA2023_MIZ81_80";18;"ITA";2023;8;1;39;16.9570833333333;41.1286666666667;0.5;0.0452814;"ADV";1;0.1
"18ITA2023_MIZ810_139";18;"ITA";2023;8;10;228;16.8301666666667;41.9216666666667;1;0.1077864;"ADV";0;0
"18ITA2023_MIZ810_143";18;"ITA";2023;8;10;576;17.0165833333333;41.9876666666667;1;0.1002816;"ADV";1;0.02
"18ITA2023_MIZ810_144";18;"ITA";2023;8;10;610.5;17.0206666666667;42.0923333333333;1;0.1027584;"ADV";1;0.03
"18ITA2023_MIZ810_145";18;"ITA";2023;8;10;398;16.9593333333333;42.1536666666667;1;0.1074178;"ADV";2;0.51
"18ITA2023_MIZ810_146";18;"ITA";2023;8;10;169;16.7659166666667;41.9104166666667;0.5;0.0508374;"ADV";2;0.03
"18ITA2023_MIZ810_162";18;"ITA";2023;8;10;133.5;16.72475;41.8249166666667;0.5;0.0508374;"ADV";2;0.05
"18ITA2023_MIZ811_112";18;"ITA";2023;8;11;57;16.5578333333333;41.3375833333333;0.5;0.0483372;"ADV";2;0.05
"18ITA2023_MIZ811_117";18;"ITA";2023;8;11;32;16.3316666666667;41.7848333333333;0.5;0.0452814;"ADV";1;0.02
"18ITA2023_MIZ811_126";18;"ITA";2023;8;11;83.5;16.512;41.72525;0.5;0.0480066;"ADV";1;0.16
"18ITA2023_MIZ811_129";18;"ITA";2023;8;11;79.5;16.5239166666667;41.6056666666667;0.5;0.0483372;"ADV";1;0.01
"18ITA2023_MIZ811_147";18;"ITA";2023;8;11;104;16.69775;41.7046666666667;0.5;0.0508374;"ADV";2;0.04
"18ITA2023_MIZ82_101";18;"ITA";2023;8;2;63.5;17.53925;40.8798333333333;0.5;0.0438306;"ADV";4;0.1
"18ITA2023_MIZ82_133";18;"ITA";2023;8;2;110;17.6020833333333;40.9738333333333;0.5;0.0508374;"ADV";3;0.07
"18ITA2023_MIZ82_134";18;"ITA";2023;8;2;74.5;17.455;40.9425;0.366666666666667;0.0354438;"ADV";3;0.03
"18ITA2023_MIZ82_135";18;"ITA";2023;8;2;36;17.2803333333333;41.0123333333333;0.5;0.0452814;"ADV";1;0.05
"18ITA2023_MIZ82_150";18;"ITA";2023;8;2;133;17.4724166666667;41.0451666666667;0.5;0.0508374;"ADV";0;0
"18ITA2023_MIZ83_131";18;"ITA";2023;8;3;105.5;17.8069166666667;40.8568333333333;0.5;0.0508374;"ADV";3;0.03
"18ITA2023_MIZ83_132";18;"ITA";2023;8;3;114;17.67025;40.91;0.5;0.0508374;"ADV";2;0.02
"18ITA2023_MIZ83_151";18;"ITA";2023;8;3;356;17.8486666666667;41.01725;1;0.1074178;"ADV";1;0.02
"18ITA2023_MIZ83_152";18;"ITA";2023;8;3;565.5;17.8364166666667;41.0511666666667;1;0.0999168;"ADV";2;0.11
"18ITA2023_MIZ83_154";18;"ITA";2023;8;3;80.5;17.8365833333333;40.7568333333333;0.45;0.0431694;"ADV";5;0.08
"18ITA2023_MIZ84_158";18;"ITA";2023;8;4;112.5;18.1089166666667;40.7140833333333;0.5;0.0508374;"ADV";4;0.14
"18ITA2023_MIZ84_93";18;"ITA";2023;8;4;119;18.361;40.66725;0.5;0.0508374;"ADV";4;0.12
"18ITA2023_MIZ84_95";18;"ITA";2023;8;4;121;18.274;40.7089166666667;0.5;0.0508374;"ADV";4;0.1
"18ITA2023_MIZ84_97";18;"ITA";2023;8;4;109;17.99675;40.78625;0.5;0.0508374;"ADV";2;0.04
"18ITA2023_MIZ84_98";18;"ITA";2023;8;4;578.5;18.3871666666667;40.7820833333333;1;0.1002624;"ADV";2;0.06
"18ITA2023_MIZ85_156";18;"ITA";2023;8;5;45;18.4741666666667;40.2425;0.5;0.0452814;"ADV";1;0.02
"18ITA2023_MIZ85_157";18;"ITA";2023;8;5;112;18.506;40.42175;0.5;0.0508374;"ADV";4;0.16
"18ITA2023_MIZ85_76";18;"ITA";2023;8;5;80.5;18.4476666666667;40.2994166666667;0.5;0.0483372;"ADV";2;0.025
"18ITA2023_MIZ85_77";18;"ITA";2023;8;5;363;18.61825;40.3849166666667;1;0.1077864;"ADV";1;0.02
"18ITA2023_MIZ85_78";18;"ITA";2023;8;5;593;18.6415;40.4603333333333;1;0.1027584;"ADV";0;0
"18ITA2023_MIZ86_83";18;"ITA";2023;8;6;124;18.4511666666667;40.64375;0.5;0.0508374;"ADV";0;0
"18ITA2023_MIZ86_84";18;"ITA";2023;8;6;116.5;18.52225;40.5819166666667;0.5;0.0508374;"ADV";3;0.32
"18ITA2023_MIZ86_85";18;"ITA";2023;8;6;447;18.5633333333333;40.6630833333333;1;0.1045466;"ADV";3;0.12
"18ITA2023_MIZ86_86";18;"ITA";2023;8;6;561;18.622;40.59175;1;0.100608;"ADV";4;0.36
"18ITA2023_MIZ86_88";18;"ITA";2023;8;6;91.5;18.2698333333333;40.5905833333333;0.5;0.045762;"ADV";3;0.14
"18ITA2023_MIZ87_100";18;"ITA";2023;8;7;40.5;16.7470833333333;41.1944166666667;0.5;0.0452814;"ADV";4;0.16
"18ITA2023_MIZ87_109";18;"ITA";2023;8;7;43.5;16.5638333333333;41.2910833333333;0.5;0.0437655;"ADV";5;0.1
"18ITA2023_MIZ87_121";18;"ITA";2023;8;7;11;16.1621666666667;41.71475;0.5;0.0452814;"ADV";2;0.02
"18ITA2023_MIZ87_123";18;"ITA";2023;8;7;17.5;16.213;41.571;0.5;0.0452814;"ADV";1;0.08
"18ITA2023_MIZ87_125";18;"ITA";2023;8;7;35;16.409;41.3901666666667;0.5;0.0452814;"ADV";1;0.04
"18ITA2023_MIZ87_160";18;"ITA";2023;8;7;68;16.5020833333333;41.4935;0.5;0.0483372;"ADV";2;0.04
"18ITA2023_MIZ89_110";18;"ITA";2023;8;9;114.5;16.8461666666667;41.4556666666667;0.5;0.0488061;"ADV";1;0.02
"18ITA2023_MIZ89_116";18;"ITA";2023;8;9;558;17.16675;41.5314166666667;1;0.0970752;"ADV";2;0.82
"18ITA2023_MIZ89_137";18;"ITA";2023;8;9;134;16.8831666666667;41.5600833333333;0.5;0.0508374;"ADV";0;0
"18ITA2023_MIZ89_138";18;"ITA";2023;8;9;108.5;16.8555833333333;41.32675;0.5;0.0508374;"ADV";1;0.02
"18ITA2023_MIZ89_142";18;"ITA";2023;8;9;401.5;17.0896666666667;41.52675;1;0.105633;"ADV";0;0
"18ITA2023_MIZ89_148";18;"ITA";2023;8;9;109;16.74625;41.5774166666667;0.5;0.0515145;"ADV";1;0.02
"18ITA2024_MIZ722_100";18;"ITA";2024;7;22;39;16.7399166666667;41.1960833333333;0.5;0.0461148;"ADV";1;0.01
"18ITA2024_MIZ722_105";18;"ITA";2024;7;22;55;16.8209166666667;41.1843333333333;0.5;0.0477307;"ADV";2;0.05
"18ITA2024_MIZ722_112";18;"ITA";2024;7;22;57;16.5525;41.3414166666667;0.5;0.0470906;"ADV";1;0.05
"18ITA2024_MIZ722_129";18;"ITA";2024;7;22;80;16.5224166666667;41.6158333333333;0.5;0.0477307;"ADV";0;0
"18ITA2024_MIZ722_160";18;"ITA";2024;7;22;68;16.49975;41.4991666666667;0.5;0.0480594;"ADV";1;0.05
"18ITA2024_MIZ723_109";18;"ITA";2024;7;23;43;16.5675833333333;41.2905;0.5;0.0461148;"ADV";0;0
"18ITA2024_MIZ723_117";18;"ITA";2024;7;23;30.5;16.327;41.79025;0.5;0.0461148;"ADV";2;0.03
"18ITA2024_MIZ723_121";18;"ITA";2024;7;23;11;16.1555833333333;41.71125;0.5;0.0461148;"ADV";1;0.05
"18ITA2024_MIZ723_123";18;"ITA";2024;7;23;15;16.2231666666667;41.57575;0.5;0.0461148;"ADV";1;0.05
"18ITA2024_MIZ723_125";18;"ITA";2024;7;23;35;16.40575;41.3946666666667;0.5;0.0451852;"ADV";1;0.03
"18ITA2024_MIZ726_110";18;"ITA";2024;7;26;112.5;16.8444166666667;41.45425;0.5;0.0474519;"ADV";1;0.1
"18ITA2024_MIZ726_126";18;"ITA";2024;7;26;83;16.5103333333333;41.7311666666667;0.5;0.0448589;"ADV";4;0.2
"18ITA2024_MIZ726_137";18;"ITA";2024;7;26;132.5;16.882;41.5605;0.5;0.0521916;"ADV";1;0.1
"18ITA2024_MIZ726_146";18;"ITA";2024;7;26;169;16.7636666666667;41.9134166666667;0.5;0.0488061;"ADV";0;0
"18ITA2024_MIZ726_147";18;"ITA";2024;7;26;104;16.6986666666667;41.7040833333333;0.5;0.0504897;"ADV";1;0.01
"18ITA2024_MIZ726_148";18;"ITA";2024;7;26;107.5;16.7460833333333;41.60825;0.5;0.0521916;"ADV";2;0.1
"18ITA2024_MIZ726_162";18;"ITA";2024;7;26;133.5;16.72275;41.8274166666667;0.5;0.0511668;"ADV";1;0.02
"18ITA2024_MIZ727_139";18;"ITA";2024;7;27;227;16.8299166666667;41.9183333333333;1;0.1100872;"ADV";1;0.02
"18ITA2024_MIZ727_143";18;"ITA";2024;7;27;568;17.0146666666667;41.9999166666667;1;0.0958986;"ADV";0;0
"18ITA2024_MIZ727_144";18;"ITA";2024;7;27;612.5;17.0209166666667;42.0961666666667;1;0.0938007;"ADV";1;0.02
"18ITA2024_MIZ727_145";18;"ITA";2024;7;27;400.5;16.95675;42.15775;1;0.103641;"ADV";2;0.11
"18ITA2024_MIZ728_104";18;"ITA";2024;7;28;87;17.0556666666667;41.133;0.5;0.0493396;"ADV";0;0
"18ITA2024_MIZ728_107";18;"ITA";2024;7;28;111.5;16.9853333333333;41.2420833333333;0.5;0.0498126;"ADV";1;0.03
"18ITA2024_MIZ728_116";18;"ITA";2024;7;28;550.5;17.1694166666667;41.5366666666667;1;0.0955584;"ADV";3;0.15
"18ITA2024_MIZ728_138";18;"ITA";2024;7;28;106;16.8535;41.32825;0.5;0.0521916;"ADV";0;0
"18ITA2024_MIZ728_142";18;"ITA";2024;7;28;404;17.0900833333333;41.52775;1;0.1032936;"ADV";3;0.05
"18ITA2024_MIZ728_80";18;"ITA";2024;7;28;37;16.94925;41.1310833333333;0.5;0.0464136;"ADV";1;0.01
"18ITA2024_MIZ81_101";18;"ITA";2024;8;1;63;17.54;40.8793333333333;0.5;0.0470906;"ADV";2;0.03
"18ITA2024_MIZ81_132";18;"ITA";2024;8;1;103.5;17.6773333333333;40.9071666666667;0.5;0.0508374;"ADV";2;0.05
"18ITA2024_MIZ81_133";18;"ITA";2024;8;1;108;17.6055;40.9724166666667;0.5;0.0508374;"ADV";1;0.4
"18ITA2024_MIZ81_134";18;"ITA";2024;8;1;73;17.4683333333333;40.9320833333333;0.5;0.0448416;"ADV";1;0.05
"18ITA2024_MIZ81_135";18;"ITA";2024;8;1;35;17.2243333333333;41.014;0.5;0.0439568;"ADV";3;0.04
"18ITA2024_MIZ81_150";18;"ITA";2024;8;1;133.5;17.4723333333333;41.04575;0.5;0.0494832;"ADV";2;0.03
"18ITA2024_MIZ81_161";18;"ITA";2024;8;1;120.5;17.3168333333333;41.1134166666667;0.5;0.0508374;"ADV";2;0.01
"18ITA2024_MIZ82_131";18;"ITA";2024;8;2;103.5;17.8214166666667;40.8535833333333;0.5;0.0508374;"ADV";2;0.04
"18ITA2024_MIZ82_151";18;"ITA";2024;8;2;363;17.8438333333333;41.0189166666667;1;0.0993564;"ADV";1;0.02
"18ITA2024_MIZ82_152";18;"ITA";2024;8;2;611;17.85825;41.0433333333333;1;0.0962577;"ADV";1;0.03
"18ITA2024_MIZ82_154";18;"ITA";2024;8;2;79.5;17.8325;40.7584166666667;0.5;0.0470906;"ADV";2;0.05
"18ITA2024_MIZ82_158";18;"ITA";2024;8;2;113;18.1089166666667;40.713;0.5;0.0508374;"ADV";2;0.1
"18ITA2024_MIZ82_97";18;"ITA";2024;8;2;108.5;18.0023333333333;40.7835833333333;0.5;0.0508374;"ADV";1;0.02
"18ITA2024_MIZ83_83";18;"ITA";2024;8;3;124;18.4479166666667;40.6454166666667;0.45;0.0474519;"ADV";1;0.05
"18ITA2024_MIZ83_84";18;"ITA";2024;8;3;118.5;18.5128333333333;40.5910833333333;0.5;0.0491355;"ADV";0;0
"18ITA2024_MIZ83_85";18;"ITA";2024;8;3;407.5;18.5681666666667;40.6590833333333;1;0.1025795;"ADV";1;0.02
"18ITA2024_MIZ83_88";18;"ITA";2024;8;3;90;18.2695;40.591;0.5;0.0464505;"ADV";1;0.03
"18ITA2024_MIZ83_93";18;"ITA";2024;8;3;119;18.36175;40.6661666666667;0.5;0.0491355;"ADV";1;0.01
"18ITA2024_MIZ83_95";18;"ITA";2024;8;3;120.5;18.2731666666667;40.7098333333333;0.5;0.0491355;"ADV";2;0.01
"18ITA2024_MIZ83_98";18;"ITA";2024;8;3;571.5;18.4038333333333;40.7751666666667;1;0.0966168;"ADV";1;0.12
"18ITA2024_MIZ87_156";18;"ITA";2024;8;7;40;18.4736666666667;40.2424166666667;0.5;0.046729;"ADV";1;0.01
"18ITA2024_MIZ87_157";18;"ITA";2024;8;7;110;18.5111666666667;40.4129166666667;0.5;0.0511668;"ADV";0;0
"18ITA2024_MIZ87_76";18;"ITA";2024;8;7;77.5;18.453;40.2894166666667;0.5;0.0477307;"ADV";0;0
"18ITA2024_MIZ87_77";18;"ITA";2024;8;7;393;18.61925;40.37475;1;0.1043551;"ADV";1;0.05
"18ITA2024_MIZ87_78";18;"ITA";2024;8;7;568;18.6404166666667;40.4301666666667;1;0.0997542;"ADV";3;0.23
"18ITA2024_MIZ87_86";18;"ITA";2024;8;7;555.5;18.62275;40.5858333333333;1;0.0993951;"ADV";1;0.02
"18MON2013_PEC721_171";18;"MON";2013;7;21;44.5;18.9655833333333;42.1598333333333;0.5;0.0463512;"ADV";12;2.52
"18MON2013_PEC721_172";18;"MON";2013;7;21;112;18.5951666666667;42.3241666666667;0.5;0.0525042;"ADV";11;0.73
"18MON2013_PEC721_173";18;"MON";2013;7;21;167.5;18.5718333333333;42.1690833333333;0.5;0.0514458;"ADV";2;0.06
"18MON2013_PEC721_174";18;"MON";2013;7;21;294;18.4841666666667;42.0489166666667;1;0.10816;"ADV";2;0.02
"18MON2013_PEC722_175";18;"MON";2013;7;22;60;19.0889166666667;41.94525;0.5;0.0508374;"ADV";7;0.34
"18MON2013_PEC722_176";18;"MON";2013;7;22;114;18.7223333333333;41.8611666666667;0.5;0.0518049;"ADV";2;0.04
"18MON2013_PEC722_177";18;"MON";2013;7;22;275;18.6038333333333;41.7840833333333;1;0.1089;"ADV";0;0
"18MON2013_PEC722_178";18;"MON";2013;7;22;703.5;18.4313333333333;41.8276666666667;1;0.1025188;"ADV";5;0.42
"18MON2013_PEC722_179";18;"MON";2013;7;22;154;18.6168333333333;42.05625;0.5;0.0521451;"ADV";0;0
"18MON2013_PEC722_180";18;"MON";2013;7;22;78;18.8045833333333;42.05775;0.5;0.0504897;"ADV";1;0.14
"18MON2014_PEC825_171";18;"MON";2014;8;25;46;18.9585833333333;42.1646666666667;0.5;0.0497262;"ADV";19;0.92
"18MON2014_PEC825_172";18;"MON";2014;8;25;111.5;18.59375;42.3261666666667;0.5;0.0526272;"ADV";11;2.06
"18MON2014_PEC825_173";18;"MON";2014;8;25;165;18.57825;42.1746666666667;0.5;0.0533376;"ADV";3;0.3
"18MON2014_PEC825_174";18;"MON";2014;8;25;295.5;18.48275;42.0450833333333;1;0.1100088;"ADV";9;0.26
"18MON2014_PEC825_179";18;"MON";2014;8;25;151.5;18.6348333333333;42.0503333333333;0.5;0.0533376;"ADV";4;0.04
"18MON2014_PEC826_175";18;"MON";2014;8;26;59.5;19.0880833333333;41.9475833333333;0.5;0.0482727;"ADV";8;0.46
"18MON2014_PEC826_176";18;"MON";2014;8;26;114.5;18.72175;41.8634166666667;0.5;0.0533376;"ADV";0;0
"18MON2014_PEC826_177";18;"MON";2014;8;26;274.5;18.6035833333333;41.7848333333333;1;0.1037718;"ADV";5;0.02
"18MON2014_PEC826_178";18;"MON";2014;8;26;706.5;18.4326666666667;41.8286666666667;1;0.0952152;"ADV";4;0.16
"18MON2014_PEC826_180";18;"MON";2014;8;26;76;18.8055;42.0685;0.5;0.0496121;"ADV";5;0.24
"18MON2015_PEC81_171";18;"MON";2015;8;1;45;18.96275;42.1615833333333;0.5;0.0477307;"ADV";15;0.55
"18MON2015_PEC81_172";18;"MON";2015;8;1;115.5;18.59575;42.3104166666667;0.5;0.0522264;"ADV";1;0.05
"18MON2015_PEC81_173";18;"MON";2015;8;1;165;18.5781666666667;42.1751666666667;0.5;0.0522264;"ADV";8;0.14
"18MON2015_PEC81_180";18;"MON";2015;8;1;78;18.8040833333333;42.05875;0.5;0.0508374;"ADV";0;0
"18MON2015_PEC82_174";18;"MON";2015;8;2;298;18.4819166666667;42.03875;1;0.107811;"ADV";2;0.1
"18MON2015_PEC82_176";18;"MON";2015;8;2;114.5;18.72275;41.8666666666667;0.5;0.0511736;"ADV";2;0.05
"18MON2015_PEC82_177";18;"MON";2015;8;2;274;18.60525;41.7830833333333;1;0.1100088;"ADV";2;0.06
"18MON2015_PEC82_178";18;"MON";2015;8;2;690;18.43575;41.8225;1;0.0998906;"ADV";2;0.03
"18MON2015_PEC82_179";18;"MON";2015;8;2;155.5;18.6151666666667;42.0546666666667;0.5;0.050478;"ADV";0;0
"18MON2015_PEC83_175";18;"MON";2015;8;3;61;19.0941666666667;41.9365833333333;0.5;0.0501603;"ADV";5;0.1
"18MON2016_PEC730_177";18;"MON";2016;7;30;269;18.592;41.8035;1;0.11;"ADV";6;0.22
"18MON2016_PEC731_171";18;"MON";2016;7;31;45;18.97025;42.1556666666667;0.5;0.0480594;"ADV";24;1.4
"18MON2016_PEC731_175";18;"MON";2016;7;31;61.5;19.0945833333333;41.9353333333333;0.5;0.0500848;"ADV";27;1.2
"18MON2016_PEC731_176";18;"MON";2016;7;31;116;18.7219166666667;41.8625;0.5;0.0529013;"ADV";4;0.05
"18MON2016_PEC731_180";18;"MON";2016;7;31;77;18.8109166666667;42.08875;0.5;0.0507656;"ADV";0;0
"18MON2016_PEC81_172";18;"MON";2016;8;1;112.5;18.59425;42.3238333333333;0.5;0.0536154;"ADV";4;0.09
"18MON2016_PEC81_173";18;"MON";2016;8;1;165;18.571;42.19225;0.5;0.0536154;"ADV";4;0.07
"18MON2016_PEC81_174";18;"MON";2016;8;1;286;18.4835;42.0655;1;0.11112;"ADV";5;0.12
"18MON2016_PEC81_178";18;"MON";2016;8;1;724;18.41525;41.8570833333333;1;0.101574;"ADV";11;0.4
"18MON2016_PEC81_179";18;"MON";2016;8;1;152;18.6328333333333;42.0515833333333;0.5;0.0532487;"ADV";0;0
"18MON2017_PEC1020_174";18;"MON";2017;10;20;283.5;18.485;42.0728333333333;1;0.1019984;"ADV";0;0
"18MON2017_PEC1020_176";18;"MON";2017;10;20;114.5;18.7204166666667;41.8501666666667;0.5;0.052782;"ADV";1;0.03
"18MON2017_PEC1020_177";18;"MON";2017;10;20;269;18.5900833333333;41.80625;1;0.1070748;"ADV";5;0.24
"18MON2017_PEC1020_178";18;"MON";2017;10;20;723;18.4149166666667;41.8589166666667;1;0.0915013;"ADV";2;0.08
"18MON2017_PEC1020_179";18;"MON";2017;10;20;151.5;18.6345833333333;42.0501666666667;0.5;0.052782;"ADV";1;0.02
"18MON2017_PEC1030_175";18;"MON";2017;10;30;61;19.0933333333333;41.9381666666667;0.5;0.0499379;"ADV";14;0.6
"18MON2017_PEC1031_171";18;"MON";2017;10;31;44;18.9795;42.1485;0.5;0.046597;"ADV";3;0.04
"18MON2017_PEC1031_172";18;"MON";2017;10;31;114.5;18.5925833333333;42.3059166666667;0.5;0.052079;"ADV";6;0.33
"18MON2017_PEC1031_173";18;"MON";2017;10;31;164;18.5789166666667;42.1740833333333;0.5;0.051376;"ADV";9;0.4
"18MON2017_PEC1031_180";18;"MON";2017;10;31;75.5;18.80575;42.0660833333333;0.5;0.0455758;"ADV";2;0.05
"18MON2018_MIZ729_174";18;"MON";2018;7;29;296;18.4831666666667;42.0424166666667;1;0.1088976;"ADV";0;0
"18MON2018_MIZ729_176";18;"MON";2018;7;29;116.5;18.7229166666667;41.8663333333333;0.5;0.0516708;"ADV";2;0.02
"18MON2018_MIZ729_177";18;"MON";2018;7;29;276;18.6036666666667;41.7838333333333;1;0.1058792;"ADV";1;0.02
"18MON2018_MIZ729_178";18;"MON";2018;7;29;692;18.433;41.8235833333333;1;0.0977472;"ADV";0;0
"18MON2018_MIZ729_179";18;"MON";2018;7;29;154.5;18.6205833333333;42.0544166666667;0.5;0.0516336;"ADV";1;0.03
"18MON2018_MIZ826_171";18;"MON";2018;8;26;44.5;18.96375;42.1610833333333;0.5;0.0461148;"ADV";8;0.6
"18MON2018_MIZ826_172";18;"MON";2018;8;26;116;18.58975;42.3063333333333;0.5;0.0516708;"ADV";5;0.8
"18MON2018_MIZ826_173";18;"MON";2018;8;26;166.5;18.57675;42.1773333333333;0.5;0.0516708;"ADV";3;0.03
"18MON2018_MIZ826_180";18;"MON";2018;8;26;79.5;18.8134166666667;42.0931666666667;0.5;0.0497262;"ADV";2;0.02
"18MON2019_MIZ72_174";18;"MON";2019;7;2;291;18.484;42.054;1;0.1047218;"ADV";0;0
"18MON2019_MIZ72_176";18;"MON";2019;7;2;114;18.7220833333333;41.8551666666667;0.5;0.0534465;"ADV";0;0
"18MON2019_MIZ72_177";18;"MON";2019;7;2;270;18.5951666666667;41.8;1;0.10615;"ADV";1;0.05
"18MON2019_MIZ72_178";18;"MON";2019;7;2;744;18.4303333333333;41.8315833333333;1;0.0983556;"ADV";1;0.02
"18MON2019_MIZ72_179";18;"MON";2019;7;2;154;18.6214166666667;42.0538333333333;0.5;0.053095;"ADV";0;0
"18MON2019_MIZ82_171";18;"MON";2019;8;2;46;18.9676666666667;42.1571666666667;0.5;0.045837;"ADV";9;0.1
"18MON2019_MIZ82_172";18;"MON";2019;8;2;115;18.59375;42.3165;0.5;0.051393;"ADV";4;0.5
"18MON2019_MIZ82_173";18;"MON";2019;8;2;165;18.57325;42.1880833333333;0.5;0.051393;"ADV";1;7.1
"18MON2019_MIZ82_175";18;"MON";2019;8;2;60;19.08925;41.9455833333333;0.5;0.0491706;"ADV";7;1.28
"18MON2019_MIZ82_180";18;"MON";2019;8;2;78.5;18.8126666666667;42.0905;0.5;0.0491706;"ADV";6;0.68
"18MON2020_MIZ113_174";18;"MON";2020;11;3;294.5;18.4835833333333;42.0524166666667;1;0.0999578;"ADV";3;0.03
"18MON2020_MIZ113_176";18;"MON";2020;11;3;115;18.7223333333333;41.8540833333333;0.5;0.0508352;"ADV";0;0
"18MON2020_MIZ113_177";18;"MON";2020;11;3;270;18.5921666666667;41.8051666666667;1;0.1047055;"ADV";3;0.12
"18MON2020_MIZ113_178";18;"MON";2020;11;3;722;18.4191666666667;41.853;1;0.1008039;"ADV";2;0.1
"18MON2020_MIZ113_179";18;"MON";2020;11;3;153;18.62675;42.0535833333333;0.5;0.050478;"ADV";2;0.02
"18MON2021_MIZ825_174";18;"MON";2021;8;25;289.5;18.4845833333333;42.0583333333333;1;0.104013;"ADV";1;0.03
"18MON2021_MIZ825_176";18;"MON";2021;8;25;114;18.722;41.8556666666667;0.5;0.0506292;"ADV";0;0
"18MON2021_MIZ825_177";18;"MON";2021;8;25;268;18.5979166666667;41.7996666666667;1;0.102921;"ADV";2;1
"18MON2021_MIZ825_178";18;"MON";2021;8;25;721;18.4181666666667;41.8549166666667;1;0.0993964;"ADV";0;0
"18MON2021_MIZ825_179";18;"MON";2021;8;25;152.5;18.6273333333333;42.0533333333333;0.5;0.0492528;"ADV";0;0
"18MON2023_MIZ721_175";18;"MON";2023;7;21;68.5;19.0858333333333;41.939;0.5;0.0483372;"ADV";10;0.48
"18MON2023_MIZ721_181";18;"MON";2023;7;21;26;19.2441666666667;41.8810833333333;0.5;0.0452814;"ADV";0;0
"18MON2023_MIZ721_182";18;"MON";2023;7;21;78;19.1511666666667;41.8289166666667;0.5;0.0483372;"ADV";9;0.82
"18MON2023_MIZ722_171";18;"MON";2023;7;22;45.5;18.9656666666667;42.1589166666667;0.5;0.0452814;"ADV";10;0.07
"18MON2023_MIZ722_172";18;"MON";2023;7;22;115.5;18.5934166666667;42.3129166666667;0.5;0.0508374;"ADV";4;0.09
"18MON2023_MIZ722_173";18;"MON";2023;7;22;165;18.5750833333333;42.1825;0.5;0.0508374;"ADV";6;0.12
"18MON2023_MIZ722_180";18;"MON";2023;7;22;78;18.80875;42.0808333333333;0.5;0.0483372;"ADV";14;0.18
"18MON2023_MIZ723_183";18;"MON";2023;7;23;89;18.956;41.8915833333333;0.5;0.0483372;"ADV";14;0.55
"18MON2023_MIZ723_184";18;"MON";2023;7;23;68;18.9996666666667;42.0333333333333;0.5;0.0483372;"ADV";7;0.09
"18MON2023_MIZ723_185";18;"MON";2023;7;23;116;18.7174166666667;42.1361666666667;0.5;0.0508374;"ADV";13;0.22
"18MON2023_MIZ818_174";18;"MON";2023;8;18;290;18.4840833333333;42.0536666666667;1;0.1077864;"ADV";4;0.16
"18MON2023_MIZ818_176";18;"MON";2023;8;18;114.5;18.7219166666667;41.854;0.5;0.0508374;"ADV";3;0.16
"18MON2023_MIZ818_177";18;"MON";2023;8;18;269;18.5945;41.8013333333333;1;0.1077864;"ADV";0;0
"18MON2023_MIZ818_178";18;"MON";2023;8;18;712;18.4195;41.8529166666667;1;0.1006272;"ADV";0;0
"18MON2023_MIZ818_179";18;"MON";2023;8;18;153;18.6290833333333;42.0511666666667;0.5;0.0508374;"ADV";3;0.08
"18MON2024_MIZ85_174";18;"MON";2024;8;5;288.5;18.4843333333333;42.0578333333333;1;0.103641;"ADV";1;0.01
"18MON2024_MIZ85_176";18;"MON";2024;8;5;115;18.7221666666667;41.8553333333333;0.5;0.0491355;"ADV";0;0
"18MON2024_MIZ85_177";18;"MON";2024;8;5;272;18.60275;41.7884166666667;1;0.1022128;"ADV";2;0.015
"18MON2024_MIZ85_178";18;"MON";2024;8;5;713.5;18.4184166666667;41.8533333333333;1;0.0990549;"ADV";2;0.05
"18MON2024_MIZ85_179";18;"MON";2024;8;5;150.5;18.6321666666667;42.0516666666667;0.5;0.0487878;"ADV";1;0.03
"18MON2024_MIZ921_171";18;"MON";2024;9;21;44.5;18.9654166666667;42.1596666666667;0.5;0.0461148;"ADV";10;6.8
"18MON2024_MIZ921_175";18;"MON";2024;9;21;60.5;19.0848333333333;41.93825;0.5;0.0480594;"ADV";23;1.56
"18MON2024_MIZ921_184";18;"MON";2024;9;21;69;18.998;42.0355;0.5;0.0480594;"ADV";3;1.1
"18MON2024_MIZ922_172";18;"MON";2024;9;22;112.5;18.5939166666667;42.32;0.5;0.0508374;"ADV";2;0.06
"18MON2024_MIZ922_173";18;"MON";2024;9;22;165;18.5761666666667;42.1796666666667;0.5;0.0508374;"ADV";0;0
"18MON2024_MIZ922_180";18;"MON";2024;9;22;78;18.8090833333333;42.082;0.5;0.0480594;"ADV";0;0
"18MON2024_MIZ922_185";18;"MON";2024;9;22;115;18.715;42.14575;0.5;0.0508374;"ADV";0;0
"18MON2024_MIZ923_181";18;"MON";2024;9;23;24.5;19.24875;41.8791666666667;0.5;0.0461148;"ADV";8;0.6
"18MON2024_MIZ923_182";18;"MON";2024;9;23;78;19.1575;41.8231666666667;0.5;0.0480594;"ADV";2;0.1
"18MON2024_MIZ923_183";18;"MON";2024;9;23;89;18.9645;41.8859166666667;0.5;0.0480594;"ADV";7;0.1
